"title","version","status","bytes","url","file"
"10","C10_1800010118000101","200","804912","https://le.utah.gov/xcode/Title10/C10_1800010118000101.pdf","Title-10-C10_1800010118000101.pdf"
"11","C11_1800010118000101","200","839067","https://le.utah.gov/xcode/Title11/C11_1800010118000101.pdf","Title-11-C11_1800010118000101.pdf"
"12","C12_1800010118000101","200","7556","https://le.utah.gov/xcode/Title12/C12_1800010118000101.pdf","Title-12-C12_1800010118000101.pdf"
"13","C13_1800010118000101","200","929586","https://le.utah.gov/xcode/Title13/C13_1800010118000101.pdf","Title-13-C13_1800010118000101.pdf"
"14","C14_1800010118000101","200","11655","https://le.utah.gov/xcode/Title14/C14_1800010118000101.pdf","Title-14-C14_1800010118000101.pdf"
"15","C15_1800010118000101","200","41628","https://le.utah.gov/xcode/Title15/C15_1800010118000101.pdf","Title-15-C15_1800010118000101.pdf"
"15A","C15A_1800010118000101","200","253492","https://le.utah.gov/xcode/Title15A/C15A_1800010118000101.pdf","Title-15A-C15A_1800010118000101.pdf"
"16","C16_1800010118000101","200","1041236","https://le.utah.gov/xcode/Title16/C16_1800010118000101.pdf","Title-16-C16_1800010118000101.pdf"
"17","C17_1800010118000101","200","829705","https://le.utah.gov/xcode/Title17/C17_1800010118000101.pdf","Title-17-C17_1800010118000101.pdf"
"17B","C17B_1800010118000101","200","434224","https://le.utah.gov/xcode/Title17B/C17B_1800010118000101.pdf","Title-17B-C17B_1800010118000101.pdf"
"17C","C17C_2016051020160510","200","206801","https://le.utah.gov/xcode/Title17C/C17C_2016051020160510.pdf","Title-17C-C17C_2016051020160510.pdf"
"17D","C17D_1800010118000101","200","137767","https://le.utah.gov/xcode/Title17D/C17D_1800010118000101.pdf","Title-17D-C17D_1800010118000101.pdf"
"17E","C17E_2025110620251206","200","26637","https://le.utah.gov/xcode/Title17E/C17E_2025110620251206.pdf","Title-17E-C17E_2025110620251206.pdf"
"18","C18_1800010118000101","200","13221","https://le.utah.gov/xcode/Title18/C18_1800010118000101.pdf","Title-18-C18_1800010118000101.pdf"
"19","C19_1800010118000101","200","612588","https://le.utah.gov/xcode/Title19/C19_1800010118000101.pdf","Title-19-C19_1800010118000101.pdf"
"20A","C20A_1800010118000101","200","994338","https://le.utah.gov/xcode/Title20A/C20A_1800010118000101.pdf","Title-20A-C20A_1800010118000101.pdf"
"23A","C23A_2023050320230701","200","259892","https://le.utah.gov/xcode/Title23A/C23A_2023050320230701.pdf","Title-23A-C23A_2023050320230701.pdf"
"25","C25_1800010118000101","200","27178","https://le.utah.gov/xcode/Title25/C25_1800010118000101.pdf","Title-25-C25_1800010118000101.pdf"
"26A","C26A_1800010118000101","200","45049","https://le.utah.gov/xcode/Title26A/C26A_1800010118000101.pdf","Title-26A-C26A_1800010118000101.pdf"
"26B","C26B_2022050420220701","200","1536238","https://le.utah.gov/xcode/Title26B/C26B_2022050420220701.pdf","Title-26B-C26B_2022050420220701.pdf"
"29","C29_1800010118000101","200","11135","https://le.utah.gov/xcode/Title29/C29_1800010118000101.pdf","Title-29-C29_1800010118000101.pdf"
"3","C3_1800010118000101","200","65958","https://le.utah.gov/xcode/Title3/C3_1800010118000101.pdf","Title-3-C3_1800010118000101.pdf"
"31A","C31A_1800010118000101","200","2118459","https://le.utah.gov/xcode/Title31A/C31A_1800010118000101.pdf","Title-31A-C31A_1800010118000101.pdf"
"32B","C32B_1800010118000101","200","563320","https://le.utah.gov/xcode/Title32B/C32B_1800010118000101.pdf","Title-32B-C32B_1800010118000101.pdf"
"34","C34_1800010118000101","200","196512","https://le.utah.gov/xcode/Title34/C34_1800010118000101.pdf","Title-34-C34_1800010118000101.pdf"
"34A","C34A_1800010118000101","200","315858","https://le.utah.gov/xcode/Title34A/C34A_1800010118000101.pdf","Title-34A-C34A_1800010118000101.pdf"
"35A","C35A_1800010118000101","200","422138","https://le.utah.gov/xcode/Title35A/C35A_1800010118000101.pdf","Title-35A-C35A_1800010118000101.pdf"
"36","C36_1800010118000101","200","147671","https://le.utah.gov/xcode/Title36/C36_1800010118000101.pdf","Title-36-C36_1800010118000101.pdf"
"38","C38_1800010118000101","200","171246","https://le.utah.gov/xcode/Title38/C38_1800010118000101.pdf","Title-38-C38_1800010118000101.pdf"
"39A","C39A_2022050420220504","200","97371","https://le.utah.gov/xcode/Title39A/C39A_2022050420220504.pdf","Title-39A-C39A_2022050420220504.pdf"
"4","C4_1800010118000101","200","671577","https://le.utah.gov/xcode/Title4/C4_1800010118000101.pdf","Title-4-C4_1800010118000101.pdf"
"40","C40_1800010118000101","200","297872","https://le.utah.gov/xcode/Title40/C40_1800010118000101.pdf","Title-40-C40_1800010118000101.pdf"
"41","C41_1800010118000101","200","961116","https://le.utah.gov/xcode/Title41/C41_1800010118000101.pdf","Title-41-C41_1800010118000101.pdf"
"42","C42_1800010118000101","200","23878","https://le.utah.gov/xcode/Title42/C42_1800010118000101.pdf","Title-42-C42_1800010118000101.pdf"
"43","C43_1800010118000101","200","7945","https://le.utah.gov/xcode/Title43/C43_1800010118000101.pdf","Title-43-C43_1800010118000101.pdf"
"45","C45_1800010118000101","200","28036","https://le.utah.gov/xcode/Title45/C45_1800010118000101.pdf","Title-45-C45_1800010118000101.pdf"
"46","C46_2018050820190101","200","71966","https://le.utah.gov/xcode/Title46/C46_2018050820190101.pdf","Title-46-C46_2018050820190101.pdf"
"48","C48_1800010118000101","200","460544","https://le.utah.gov/xcode/Title48/C48_1800010118000101.pdf","Title-48-C48_1800010118000101.pdf"
"49","C49_1800010118000101","200","435516","https://le.utah.gov/xcode/Title49/C49_1800010118000101.pdf","Title-49-C49_1800010118000101.pdf"
"50","C50_1800010118000101","200","7705","https://le.utah.gov/xcode/Title50/C50_1800010118000101.pdf","Title-50-C50_1800010118000101.pdf"
"51","C51_1800010118000101","200","142845","https://le.utah.gov/xcode/Title51/C51_1800010118000101.pdf","Title-51-C51_1800010118000101.pdf"
"52","C52_1800010118000101","200","56075","https://le.utah.gov/xcode/Title52/C52_1800010118000101.pdf","Title-52-C52_1800010118000101.pdf"
"53","C53_1800010118000101","200","1080880","https://le.utah.gov/xcode/Title53/C53_1800010118000101.pdf","Title-53-C53_1800010118000101.pdf"
"53C","C53C_1800010118000101","200","77218","https://le.utah.gov/xcode/Title53C/C53C_1800010118000101.pdf","Title-53C-C53C_1800010118000101.pdf"
"53D","C53D_2018050820180701","200","47854","https://le.utah.gov/xcode/Title53D/C53D_2018050820180701.pdf","Title-53D-C53D_2018050820180701.pdf"
"53E","C53E_2018012420180124","200","451186","https://le.utah.gov/xcode/Title53E/C53E_2018012420180124.pdf","Title-53E-C53E_2018012420180124.pdf"
"53F","C53F_2018012420180124","200","371245","https://le.utah.gov/xcode/Title53F/C53F_2018012420180124.pdf","Title-53F-C53F_2018012420180124.pdf"
"53G","C53G_2018012420180124","200","744374","https://le.utah.gov/xcode/Title53G/C53G_2018012420180124.pdf","Title-53G-C53G_2018012420180124.pdf"
"53H","C53H_2025101420251206","200","576581","https://le.utah.gov/xcode/Title53H/C53H_2025101420251206.pdf","Title-53H-C53H_2025101420251206.pdf"
"54","C54_1800010118000101","200","498812","https://le.utah.gov/xcode/Title54/C54_1800010118000101.pdf","Title-54-C54_1800010118000101.pdf"
"55","C55_1800010118000101","200","13470","https://le.utah.gov/xcode/Title55/C55_1800010118000101.pdf","Title-55-C55_1800010118000101.pdf"
"56","C56_1800010118000101","200","36141","https://le.utah.gov/xcode/Title56/C56_1800010118000101.pdf","Title-56-C56_1800010118000101.pdf"
"57","C57_1800010118000101","200","615112","https://le.utah.gov/xcode/Title57/C57_1800010118000101.pdf","Title-57-C57_1800010118000101.pdf"
"58","C58_1800010118000101","200","1996319","https://le.utah.gov/xcode/Title58/C58_1800010118000101.pdf","Title-58-C58_1800010118000101.pdf"
"59","C59_1800010118000101","200","1928674","https://le.utah.gov/xcode/Title59/C59_1800010118000101.pdf","Title-59-C59_1800010118000101.pdf"
"6","C6_1800010118000101","200","33762","https://le.utah.gov/xcode/Title6/C6_1800010118000101.pdf","Title-6-C6_1800010118000101.pdf"
"61","C61_1800010118000101","200","368167","https://le.utah.gov/xcode/Title61/C61_1800010118000101.pdf","Title-61-C61_1800010118000101.pdf"
"63A","C63A_2021050520210701","200","620523","https://le.utah.gov/xcode/Title63A/C63A_2021050520210701.pdf","Title-63A-C63A_2021050520210701.pdf"
"63B","C63B_1800010118000101","200","537937","https://le.utah.gov/xcode/Title63B/C63B_1800010118000101.pdf","Title-63B-C63B_1800010118000101.pdf"
"63C","C63C_1800010118000101","200","76969","https://le.utah.gov/xcode/Title63C/C63C_1800010118000101.pdf","Title-63C-C63C_1800010118000101.pdf"
"63D","C63D_1800010118000101","200","9809","https://le.utah.gov/xcode/Title63D/C63D_1800010118000101.pdf","Title-63D-C63D_1800010118000101.pdf"
"63E","C63E_1800010118000101","200","23165","https://le.utah.gov/xcode/Title63E/C63E_1800010118000101.pdf","Title-63E-C63E_1800010118000101.pdf"
"63G","C63G_1800010118000101","200","898905","https://le.utah.gov/xcode/Title63G/C63G_1800010118000101.pdf","Title-63G-C63G_1800010118000101.pdf"
"63H","C63H_1800010118000101","200","151579","https://le.utah.gov/xcode/Title63H/C63H_1800010118000101.pdf","Title-63H-C63H_1800010118000101.pdf"
"63I","C63I_1800010118000101","200","64724","https://le.utah.gov/xcode/Title63I/C63I_1800010118000101.pdf","Title-63I-C63I_1800010118000101.pdf"
"63J","C63J_1800010118000101","200","226527","https://le.utah.gov/xcode/Title63J/C63J_1800010118000101.pdf","Title-63J-C63J_1800010118000101.pdf"
"63L","C63L_1800010118000101","200","151237","https://le.utah.gov/xcode/Title63L/C63L_1800010118000101.pdf","Title-63L-C63L_1800010118000101.pdf"
"63M","C63M_1800010118000101","200","30059","https://le.utah.gov/xcode/Title63M/C63M_1800010118000101.pdf","Title-63M-C63M_1800010118000101.pdf"
"63N","C63N_2021050520210701","200","490940","https://le.utah.gov/xcode/Title63N/C63N_2021050520210701.pdf","Title-63N-C63N_2021050520210701.pdf"
"63O","C63O_2024050120240501","200","37596","https://le.utah.gov/xcode/Title63O/C63O_2024050120240501.pdf","Title-63O-C63O_2024050120240501.pdf"
"64","C64_1800010118000101","200","128944","https://le.utah.gov/xcode/Title64/C64_1800010118000101.pdf","Title-64-C64_1800010118000101.pdf"
"65A","C65A_1800010118000101","200","134315","https://le.utah.gov/xcode/Title65A/C65A_1800010118000101.pdf","Title-65A-C65A_1800010118000101.pdf"
"67","C67_1800010118000101","200","384894","https://le.utah.gov/xcode/Title67/C67_1800010118000101.pdf","Title-67-C67_1800010118000101.pdf"
"68","C68_1800010118000101","200","27149","https://le.utah.gov/xcode/Title68/C68_1800010118000101.pdf","Title-68-C68_1800010118000101.pdf"
"69","C69_1800010118000101","200","39915","https://le.utah.gov/xcode/Title69/C69_1800010118000101.pdf","Title-69-C69_1800010118000101.pdf"
"7","C7_1800010118000101","200","423052","https://le.utah.gov/xcode/Title7/C7_1800010118000101.pdf","Title-7-C7_1800010118000101.pdf"
"70","C70_1800010118000101","200","35158","https://le.utah.gov/xcode/Title70/C70_1800010118000101.pdf","Title-70-C70_1800010118000101.pdf"
"70A","C70A_1800010118000101","200","652232","https://le.utah.gov/xcode/Title70A/C70A_1800010118000101.pdf","Title-70A-C70A_1800010118000101.pdf"
"70C","C70C_1800010118000101","200","61526","https://le.utah.gov/xcode/Title70C/C70C_1800010118000101.pdf","Title-70C-C70C_1800010118000101.pdf"
"70D","C70D_1800010118000101","200","51613","https://le.utah.gov/xcode/Title70D/C70D_1800010118000101.pdf","Title-70D-C70D_1800010118000101.pdf"
"71A","C71A_2023050320230503","200","52224","https://le.utah.gov/xcode/Title71A/C71A_2023050320230503.pdf","Title-71A-C71A_2023050320230503.pdf"
"72","C72_1800010118000101","200","614912","https://le.utah.gov/xcode/Title72/C72_1800010118000101.pdf","Title-72-C72_1800010118000101.pdf"
"73","C73_1800010118000101","200","688104","https://le.utah.gov/xcode/Title73/C73_1800010118000101.pdf","Title-73-C73_1800010118000101.pdf"
"75","C75_1800010118000101","200","431629","https://le.utah.gov/xcode/Title75/C75_1800010118000101.pdf","Title-75-C75_1800010118000101.pdf"
"75A","C75A_2024090120240501","200","213127","https://le.utah.gov/xcode/Title75A/C75A_2024090120240501.pdf","Title-75A-C75A_2024090120240501.pdf"
"75B","C75B_2024090120240501","200","118951","https://le.utah.gov/xcode/Title75B/C75B_2024090120240501.pdf","Title-75B-C75B_2024090120240501.pdf"
"75E","C75E_2026050620260701","200","182307","https://le.utah.gov/xcode/Title75E/C75E_2026050620260701.pdf","Title-75E-C75E_2026050620260701.pdf"
"76","C76_2026050620260701","200","1163569","https://le.utah.gov/xcode/Title76/C76_2026050620260701.pdf","Title-76-C76_2026050620260701.pdf"
"77","C77_2026050620260701","200","824496","https://le.utah.gov/xcode/Title77/C77_2026050620260701.pdf","Title-77-C77_2026050620260701.pdf"
"78A","C78A_1800010118000101","200","317533","https://le.utah.gov/xcode/Title78A/C78A_1800010118000101.pdf","Title-78A-C78A_1800010118000101.pdf"
"78B","C78B_1800010118000101","200","901909","https://le.utah.gov/xcode/Title78B/C78B_1800010118000101.pdf","Title-78B-C78B_1800010118000101.pdf"
"79","C79_1800010118000101","200","241957","https://le.utah.gov/xcode/Title79/C79_1800010118000101.pdf","Title-79-C79_1800010118000101.pdf"
"8","C8_1800010118000101","200","19377","https://le.utah.gov/xcode/Title8/C8_1800010118000101.pdf","Title-8-C8_1800010118000101.pdf"
"80","C80_2021050520210901","200","536011","https://le.utah.gov/xcode/Title80/C80_2021050520210901.pdf","Title-80-C80_2021050520210901.pdf"
"81","C81_2024090120240501","200","604659","https://le.utah.gov/xcode/Title81/C81_2024090120240501.pdf","Title-81-C81_2024090120240501.pdf"
"9","C9_2021050520210505","200","216969","https://le.utah.gov/xcode/Title9/C9_2021050520210505.pdf","Title-9-C9_2021050520210505.pdf"
