"record_id","state_code","jurisdiction_name","jurisdiction_type","official_jurisdiction_id","tax_name","legal_incidence","geographic_scope","employer_withholding","rate","effective_at","administrator","evidence_status","coverage_status","product_disposition","source_date","primary_source_urls","limitations"
"al-league-occupational-tax-attalla","AL","Attalla","incorporated city or town",,"Occupational Tax","percentage occupational tax reported by the Alabama League of Municipalities; employee-wage incidence requires current local verification","municipal occupational-tax candidate; current worksite/nonresident rule requires local verification",,"2%","Current Alabama League survey page retrieved 2026-08-25; rate currency is not guaranteed","Attalla local occupational-tax administrator","SUPPORTED_AUTHORITATIVE_ASSOCIATION","PARTIAL","UNDETERMINED until the current local ordinance, employee-wage incidence, withholding rule, rate, and authoritative jurisdiction boundary are verified","League survey page retrieved 2026-08-25","https://almonline.org/VirtualPageTemplate.aspx?PageID=3f384f8c-dd06-4beb-8cd2-1353aaad9414 | https://alison.legislature.state.al.us/files/pdf/SearchableInstruments/2020RS/PrintFiles/204606-1.pdf","The Alabama League says the rates were supplied by survey, disclaims their accuracy, and requires verification with the locality. | The League list does not itself prove current employee incidence, commuter/worksite allocation, or employer withholding. | A current local ordinance, withholding material, and boundary match are required before a product BUFFER decision."
"al-league-occupational-tax-bear-creek","AL","Bear Creek","incorporated city or town",,"Occupational Tax","percentage occupational tax reported by the Alabama League of Municipalities; employee-wage incidence requires current local verification","municipal occupational-tax candidate; current worksite/nonresident rule requires local verification",,"1%","Current Alabama League survey page retrieved 2026-08-25; rate currency is not guaranteed","Bear Creek local occupational-tax administrator","SUPPORTED_AUTHORITATIVE_ASSOCIATION","PARTIAL","UNDETERMINED until the current local ordinance, employee-wage incidence, withholding rule, rate, and authoritative jurisdiction boundary are verified","League survey page retrieved 2026-08-25","https://almonline.org/VirtualPageTemplate.aspx?PageID=3f384f8c-dd06-4beb-8cd2-1353aaad9414 | https://alison.legislature.state.al.us/files/pdf/SearchableInstruments/2020RS/PrintFiles/204606-1.pdf","The Alabama League says the rates were supplied by survey, disclaims their accuracy, and requires verification with the locality. | The League list does not itself prove current employee incidence, commuter/worksite allocation, or employer withholding. | A current local ordinance, withholding material, and boundary match are required before a product BUFFER decision."
"al-league-occupational-tax-brilliant","AL","Brilliant","incorporated city or town",,"Occupational Tax","percentage occupational tax reported by the Alabama League of Municipalities; employee-wage incidence requires current local verification","municipal occupational-tax candidate; current worksite/nonresident rule requires local verification",,"1%","Current Alabama League survey page retrieved 2026-08-25; rate currency is not guaranteed","Brilliant local occupational-tax administrator","SUPPORTED_AUTHORITATIVE_ASSOCIATION","PARTIAL","UNDETERMINED until the current local ordinance, employee-wage incidence, withholding rule, rate, and authoritative jurisdiction boundary are verified","League survey page retrieved 2026-08-25","https://almonline.org/VirtualPageTemplate.aspx?PageID=3f384f8c-dd06-4beb-8cd2-1353aaad9414 | https://alison.legislature.state.al.us/files/pdf/SearchableInstruments/2020RS/PrintFiles/204606-1.pdf","The Alabama League says the rates were supplied by survey, disclaims their accuracy, and requires verification with the locality. | The League list does not itself prove current employee incidence, commuter/worksite allocation, or employer withholding. | A current local ordinance, withholding material, and boundary match are required before a product BUFFER decision."
"al-league-occupational-tax-goodwater","AL","Goodwater","incorporated city or town",,"Occupational Tax","percentage occupational tax reported by the Alabama League of Municipalities; employee-wage incidence requires current local verification","municipal occupational-tax candidate; current worksite/nonresident rule requires local verification",,"0.75%","Current Alabama League survey page retrieved 2026-08-25; rate currency is not guaranteed","Goodwater local occupational-tax administrator","SUPPORTED_AUTHORITATIVE_ASSOCIATION","PARTIAL","UNDETERMINED until the current local ordinance, employee-wage incidence, withholding rule, rate, and authoritative jurisdiction boundary are verified","League survey page retrieved 2026-08-25","https://almonline.org/VirtualPageTemplate.aspx?PageID=3f384f8c-dd06-4beb-8cd2-1353aaad9414 | https://alison.legislature.state.al.us/files/pdf/SearchableInstruments/2020RS/PrintFiles/204606-1.pdf","The Alabama League says the rates were supplied by survey, disclaims their accuracy, and requires verification with the locality. | The League list does not itself prove current employee incidence, commuter/worksite allocation, or employer withholding. | A current local ordinance, withholding material, and boundary match are required before a product BUFFER decision."
"al-league-occupational-tax-hackleburg","AL","Hackleburg","incorporated city or town",,"Occupational Tax","percentage occupational tax reported by the Alabama League of Municipalities; employee-wage incidence requires current local verification","municipal occupational-tax candidate; current worksite/nonresident rule requires local verification",,"1%","Current Alabama League survey page retrieved 2026-08-25; rate currency is not guaranteed","Hackleburg local occupational-tax administrator","SUPPORTED_AUTHORITATIVE_ASSOCIATION","PARTIAL","UNDETERMINED until the current local ordinance, employee-wage incidence, withholding rule, rate, and authoritative jurisdiction boundary are verified","League survey page retrieved 2026-08-25","https://almonline.org/VirtualPageTemplate.aspx?PageID=3f384f8c-dd06-4beb-8cd2-1353aaad9414 | https://alison.legislature.state.al.us/files/pdf/SearchableInstruments/2020RS/PrintFiles/204606-1.pdf","The Alabama League says the rates were supplied by survey, disclaims their accuracy, and requires verification with the locality. | The League list does not itself prove current employee incidence, commuter/worksite allocation, or employer withholding. | A current local ordinance, withholding material, and boundary match are required before a product BUFFER decision."
"al-league-occupational-tax-lynn","AL","Lynn","incorporated city or town",,"Occupational Tax","percentage occupational tax reported by the Alabama League of Municipalities; employee-wage incidence requires current local verification","municipal occupational-tax candidate; current worksite/nonresident rule requires local verification",,"1%","Current Alabama League survey page retrieved 2026-08-25; rate currency is not guaranteed","Lynn local occupational-tax administrator","SUPPORTED_AUTHORITATIVE_ASSOCIATION","PARTIAL","UNDETERMINED until the current local ordinance, employee-wage incidence, withholding rule, rate, and authoritative jurisdiction boundary are verified","League survey page retrieved 2026-08-25","https://almonline.org/VirtualPageTemplate.aspx?PageID=3f384f8c-dd06-4beb-8cd2-1353aaad9414 | https://alison.legislature.state.al.us/files/pdf/SearchableInstruments/2020RS/PrintFiles/204606-1.pdf","The Alabama League says the rates were supplied by survey, disclaims their accuracy, and requires verification with the locality. | The League list does not itself prove current employee incidence, commuter/worksite allocation, or employer withholding. | A current local ordinance, withholding material, and boundary match are required before a product BUFFER decision."
"al-league-occupational-tax-mosses","AL","Mosses","incorporated city or town",,"Occupational Tax","percentage occupational tax reported by the Alabama League of Municipalities; employee-wage incidence requires current local verification","municipal occupational-tax candidate; current worksite/nonresident rule requires local verification",,"1%","Current Alabama League survey page retrieved 2026-08-25; rate currency is not guaranteed","Mosses local occupational-tax administrator","SUPPORTED_AUTHORITATIVE_ASSOCIATION","PARTIAL","UNDETERMINED until the current local ordinance, employee-wage incidence, withholding rule, rate, and authoritative jurisdiction boundary are verified","League survey page retrieved 2026-08-25","https://almonline.org/VirtualPageTemplate.aspx?PageID=3f384f8c-dd06-4beb-8cd2-1353aaad9414 | https://alison.legislature.state.al.us/files/pdf/SearchableInstruments/2020RS/PrintFiles/204606-1.pdf","The Alabama League says the rates were supplied by survey, disclaims their accuracy, and requires verification with the locality. | The League list does not itself prove current employee incidence, commuter/worksite allocation, or employer withholding. | A current local ordinance, withholding material, and boundary match are required before a product BUFFER decision."
"al-league-occupational-tax-red-bay","AL","Red Bay","incorporated city or town",,"Occupational Tax","percentage occupational tax reported by the Alabama League of Municipalities; employee-wage incidence requires current local verification","municipal occupational-tax candidate; current worksite/nonresident rule requires local verification",,"0.5%","Current Alabama League survey page retrieved 2026-08-25; rate currency is not guaranteed","Red Bay local occupational-tax administrator","SUPPORTED_AUTHORITATIVE_ASSOCIATION","PARTIAL","UNDETERMINED until the current local ordinance, employee-wage incidence, withholding rule, rate, and authoritative jurisdiction boundary are verified","League survey page retrieved 2026-08-25","https://almonline.org/VirtualPageTemplate.aspx?PageID=3f384f8c-dd06-4beb-8cd2-1353aaad9414 | https://alison.legislature.state.al.us/files/pdf/SearchableInstruments/2020RS/PrintFiles/204606-1.pdf","The Alabama League says the rates were supplied by survey, disclaims their accuracy, and requires verification with the locality. | The League list does not itself prove current employee incidence, commuter/worksite allocation, or employer withholding. | A current local ordinance, withholding material, and boundary match are required before a product BUFFER decision."
"al-league-occupational-tax-shorter","AL","Shorter","incorporated city or town",,"Occupational Tax","percentage occupational tax reported by the Alabama League of Municipalities; employee-wage incidence requires current local verification","municipal occupational-tax candidate; current worksite/nonresident rule requires local verification",,"1%","Current Alabama League survey page retrieved 2026-08-25; rate currency is not guaranteed","Shorter local occupational-tax administrator","SUPPORTED_AUTHORITATIVE_ASSOCIATION","PARTIAL","UNDETERMINED until the current local ordinance, employee-wage incidence, withholding rule, rate, and authoritative jurisdiction boundary are verified","League survey page retrieved 2026-08-25","https://almonline.org/VirtualPageTemplate.aspx?PageID=3f384f8c-dd06-4beb-8cd2-1353aaad9414 | https://alison.legislature.state.al.us/files/pdf/SearchableInstruments/2020RS/PrintFiles/204606-1.pdf","The Alabama League says the rates were supplied by survey, disclaims their accuracy, and requires verification with the locality. | The League list does not itself prove current employee incidence, commuter/worksite allocation, or employer withholding. | A current local ordinance, withholding material, and boundary match are required before a product BUFFER decision."
"al-league-occupational-tax-southside","AL","Southside","incorporated city or town",,"Occupational Tax","percentage occupational tax reported by the Alabama League of Municipalities; employee-wage incidence requires current local verification","municipal occupational-tax candidate; current worksite/nonresident rule requires local verification",,"2%","Current Alabama League survey page retrieved 2026-08-25; rate currency is not guaranteed","Southside local occupational-tax administrator","SUPPORTED_AUTHORITATIVE_ASSOCIATION","PARTIAL","UNDETERMINED until the current local ordinance, employee-wage incidence, withholding rule, rate, and authoritative jurisdiction boundary are verified","League survey page retrieved 2026-08-25","https://almonline.org/VirtualPageTemplate.aspx?PageID=3f384f8c-dd06-4beb-8cd2-1353aaad9414 | https://alison.legislature.state.al.us/files/pdf/SearchableInstruments/2020RS/PrintFiles/204606-1.pdf","The Alabama League says the rates were supplied by survey, disclaims their accuracy, and requires verification with the locality. | The League list does not itself prove current employee incidence, commuter/worksite allocation, or employer withholding. | A current local ordinance, withholding material, and boundary match are required before a product BUFFER decision."
"al-league-occupational-tax-sulligent","AL","Sulligent","incorporated city or town",,"Occupational Tax","percentage occupational tax reported by the Alabama League of Municipalities; employee-wage incidence requires current local verification","municipal occupational-tax candidate; current worksite/nonresident rule requires local verification",,"1%","Current Alabama League survey page retrieved 2026-08-25; rate currency is not guaranteed","Sulligent local occupational-tax administrator","SUPPORTED_AUTHORITATIVE_ASSOCIATION","PARTIAL","UNDETERMINED until the current local ordinance, employee-wage incidence, withholding rule, rate, and authoritative jurisdiction boundary are verified","League survey page retrieved 2026-08-25","https://almonline.org/VirtualPageTemplate.aspx?PageID=3f384f8c-dd06-4beb-8cd2-1353aaad9414 | https://alison.legislature.state.al.us/files/pdf/SearchableInstruments/2020RS/PrintFiles/204606-1.pdf","The Alabama League says the rates were supplied by survey, disclaims their accuracy, and requires verification with the locality. | The League list does not itself prove current employee incidence, commuter/worksite allocation, or employer withholding. | A current local ordinance, withholding material, and boundary match are required before a product BUFFER decision."
"ky-klc-payroll-barbourville","KY","Barbourville","incorporated city","{""klc_county"":""Knox"",""klc_fy2023_source_page"":1}","Occupational License Tax / Payroll Tax","employee gross earnings or payroll","persons working within the city under Kentucky occupational-license-tax rules; current local boundary and ordinance must be verified before use","True","1.00%","FY2023 KLC city survey; KLC still reported 170 gross-earnings cities on 2025-07-11","Barbourville local occupational-tax administrator","SUPPORTED_AUTHORITATIVE_ASSOCIATION","PARTIAL","UNDETERMINED until the current local ordinance, rate, and authoritative jurisdiction boundary are verified","FY2023 surveyed rate; KLC adopter count published 2025-07-11; retrieved 2026-08-25","https://www.klc.org/News/12942/the-occupational-business-license-fee | https://kleague.sharepoint.com/sites/governmentalaffairs/Shared%20Documents/Research/Taxes/Occupational%20Taxes/KY%20City_OccupationalLicenseRates_FY2023.pdf?ga=1 | https://www.klc.org/InfoCentral/Detail/31/occupational-license-tax | https://apps.legislature.ky.gov/law/statutes/statute.aspx?id=23793 | https://apps.legislature.ky.gov/law/statutes/statute.aspx?id=23796","KLC is an authoritative municipal association, but its rate table is a city survey rather than the municipality ordinance. | The table warns that rates may change and uses FY2023 or the most readily available values. | A current local ordinance, withholding material, and boundary match are required before a product BUFFER decision."
"ky-klc-payroll-bardwell","KY","Bardwell","incorporated city","{""klc_county"":""Carlisle"",""klc_fy2023_source_page"":1}","Occupational License Tax / Payroll Tax","employee gross earnings or payroll","persons working within the city under Kentucky occupational-license-tax rules; current local boundary and ordinance must be verified before use","True","0.50%","FY2023 KLC city survey; KLC still reported 170 gross-earnings cities on 2025-07-11","Bardwell local occupational-tax administrator","SUPPORTED_AUTHORITATIVE_ASSOCIATION","PARTIAL","UNDETERMINED until the current local ordinance, rate, and authoritative jurisdiction boundary are verified","FY2023 surveyed rate; KLC adopter count published 2025-07-11; retrieved 2026-08-25","https://www.klc.org/News/12942/the-occupational-business-license-fee | https://kleague.sharepoint.com/sites/governmentalaffairs/Shared%20Documents/Research/Taxes/Occupational%20Taxes/KY%20City_OccupationalLicenseRates_FY2023.pdf?ga=1 | https://www.klc.org/InfoCentral/Detail/31/occupational-license-tax | https://apps.legislature.ky.gov/law/statutes/statute.aspx?id=23793 | https://apps.legislature.ky.gov/law/statutes/statute.aspx?id=23796","KLC is an authoritative municipal association, but its rate table is a city survey rather than the municipality ordinance. | The table warns that rates may change and uses FY2023 or the most readily available values. | A current local ordinance, withholding material, and boundary match are required before a product BUFFER decision."
"ky-klc-payroll-benton","KY","Benton","incorporated city","{""klc_county"":""Marshall"",""klc_fy2023_source_page"":2}","Occupational License Tax / Payroll Tax","employee gross earnings or payroll","persons working within the city under Kentucky occupational-license-tax rules; current local boundary and ordinance must be verified before use","True","0.50%","FY2023 KLC city survey; KLC still reported 170 gross-earnings cities on 2025-07-11","Benton local occupational-tax administrator","SUPPORTED_AUTHORITATIVE_ASSOCIATION","PARTIAL","UNDETERMINED until the current local ordinance, rate, and authoritative jurisdiction boundary are verified","FY2023 surveyed rate; KLC adopter count published 2025-07-11; retrieved 2026-08-25","https://www.klc.org/News/12942/the-occupational-business-license-fee | https://kleague.sharepoint.com/sites/governmentalaffairs/Shared%20Documents/Research/Taxes/Occupational%20Taxes/KY%20City_OccupationalLicenseRates_FY2023.pdf?ga=1 | https://www.klc.org/InfoCentral/Detail/31/occupational-license-tax | https://apps.legislature.ky.gov/law/statutes/statute.aspx?id=23793 | https://apps.legislature.ky.gov/law/statutes/statute.aspx?id=23796","KLC is an authoritative municipal association, but its rate table is a city survey rather than the municipality ordinance. | The table warns that rates may change and uses FY2023 or the most readily available values. | A current local ordinance, withholding material, and boundary match are required before a product BUFFER decision."
"ky-klc-payroll-brodhead","KY","Brodhead","incorporated city","{""klc_county"":""Rockcastle"",""klc_fy2023_source_page"":2}","Occupational License Tax / Payroll Tax","employee gross earnings or payroll","persons working within the city under Kentucky occupational-license-tax rules; current local boundary and ordinance must be verified before use","True","1.00%","FY2023 KLC city survey; KLC still reported 170 gross-earnings cities on 2025-07-11","Brodhead local occupational-tax administrator","SUPPORTED_AUTHORITATIVE_ASSOCIATION","PARTIAL","UNDETERMINED until the current local ordinance, rate, and authoritative jurisdiction boundary are verified","FY2023 surveyed rate; KLC adopter count published 2025-07-11; retrieved 2026-08-25","https://www.klc.org/News/12942/the-occupational-business-license-fee | https://kleague.sharepoint.com/sites/governmentalaffairs/Shared%20Documents/Research/Taxes/Occupational%20Taxes/KY%20City_OccupationalLicenseRates_FY2023.pdf?ga=1 | https://www.klc.org/InfoCentral/Detail/31/occupational-license-tax | https://apps.legislature.ky.gov/law/statutes/statute.aspx?id=23793 | https://apps.legislature.ky.gov/law/statutes/statute.aspx?id=23796","KLC is an authoritative municipal association, but its rate table is a city survey rather than the municipality ordinance. | The table warns that rates may change and uses FY2023 or the most readily available values. | A current local ordinance, withholding material, and boundary match are required before a product BUFFER decision."
"ky-klc-payroll-brooksville","KY","Brooksville","incorporated city","{""klc_county"":""Bracken"",""klc_fy2023_source_page"":2}","Occupational License Tax / Payroll Tax","employee gross earnings or payroll","persons working within the city under Kentucky occupational-license-tax rules; current local boundary and ordinance must be verified before use","True","1.75%","FY2023 KLC city survey; KLC still reported 170 gross-earnings cities on 2025-07-11","Brooksville local occupational-tax administrator","SUPPORTED_AUTHORITATIVE_ASSOCIATION","PARTIAL","UNDETERMINED until the current local ordinance, rate, and authoritative jurisdiction boundary are verified","FY2023 surveyed rate; KLC adopter count published 2025-07-11; retrieved 2026-08-25","https://www.klc.org/News/12942/the-occupational-business-license-fee | https://kleague.sharepoint.com/sites/governmentalaffairs/Shared%20Documents/Research/Taxes/Occupational%20Taxes/KY%20City_OccupationalLicenseRates_FY2023.pdf?ga=1 | https://www.klc.org/InfoCentral/Detail/31/occupational-license-tax | https://apps.legislature.ky.gov/law/statutes/statute.aspx?id=23793 | https://apps.legislature.ky.gov/law/statutes/statute.aspx?id=23796","KLC is an authoritative municipal association, but its rate table is a city survey rather than the municipality ordinance. | The table warns that rates may change and uses FY2023 or the most readily available values. | A current local ordinance, withholding material, and boundary match are required before a product BUFFER decision."
"ky-klc-payroll-burkesville","KY","Burkesville","incorporated city","{""klc_county"":""Cumberland"",""klc_fy2023_source_page"":2}","Occupational License Tax / Payroll Tax","employee gross earnings or payroll","persons working within the city under Kentucky occupational-license-tax rules; current local boundary and ordinance must be verified before use","True","2.00%","FY2023 KLC city survey; KLC still reported 170 gross-earnings cities on 2025-07-11","Burkesville local occupational-tax administrator","SUPPORTED_AUTHORITATIVE_ASSOCIATION","PARTIAL","UNDETERMINED until the current local ordinance, rate, and authoritative jurisdiction boundary are verified","FY2023 surveyed rate; KLC adopter count published 2025-07-11; retrieved 2026-08-25","https://www.klc.org/News/12942/the-occupational-business-license-fee | https://kleague.sharepoint.com/sites/governmentalaffairs/Shared%20Documents/Research/Taxes/Occupational%20Taxes/KY%20City_OccupationalLicenseRates_FY2023.pdf?ga=1 | https://www.klc.org/InfoCentral/Detail/31/occupational-license-tax | https://apps.legislature.ky.gov/law/statutes/statute.aspx?id=23793 | https://apps.legislature.ky.gov/law/statutes/statute.aspx?id=23796","KLC is an authoritative municipal association, but its rate table is a city survey rather than the municipality ordinance. | The table warns that rates may change and uses FY2023 or the most readily available values. | A current local ordinance, withholding material, and boundary match are required before a product BUFFER decision."
"ky-klc-payroll-cadiz","KY","Cadiz","incorporated city","{""klc_county"":""Trigg"",""klc_fy2023_source_page"":2}","Occupational License Tax / Payroll Tax","employee gross earnings or payroll","persons working within the city under Kentucky occupational-license-tax rules; current local boundary and ordinance must be verified before use","True","1.90%","FY2023 KLC city survey; KLC still reported 170 gross-earnings cities on 2025-07-11","Cadiz local occupational-tax administrator","SUPPORTED_AUTHORITATIVE_ASSOCIATION","PARTIAL","UNDETERMINED until the current local ordinance, rate, and authoritative jurisdiction boundary are verified","FY2023 surveyed rate; KLC adopter count published 2025-07-11; retrieved 2026-08-25","https://www.klc.org/News/12942/the-occupational-business-license-fee | https://kleague.sharepoint.com/sites/governmentalaffairs/Shared%20Documents/Research/Taxes/Occupational%20Taxes/KY%20City_OccupationalLicenseRates_FY2023.pdf?ga=1 | https://www.klc.org/InfoCentral/Detail/31/occupational-license-tax | https://apps.legislature.ky.gov/law/statutes/statute.aspx?id=23793 | https://apps.legislature.ky.gov/law/statutes/statute.aspx?id=23796","KLC is an authoritative municipal association, but its rate table is a city survey rather than the municipality ordinance. | The table warns that rates may change and uses FY2023 or the most readily available values. | A current local ordinance, withholding material, and boundary match are required before a product BUFFER decision."
"ky-klc-payroll-carlisle","KY","Carlisle","incorporated city","{""klc_county"":""Nicholas"",""klc_fy2023_source_page"":3}","Occupational License Tax / Payroll Tax","employee gross earnings or payroll","persons working within the city under Kentucky occupational-license-tax rules; current local boundary and ordinance must be verified before use","True","1.00%","FY2023 KLC city survey; KLC still reported 170 gross-earnings cities on 2025-07-11","Carlisle local occupational-tax administrator","SUPPORTED_AUTHORITATIVE_ASSOCIATION","PARTIAL","UNDETERMINED until the current local ordinance, rate, and authoritative jurisdiction boundary are verified","FY2023 surveyed rate; KLC adopter count published 2025-07-11; retrieved 2026-08-25","https://www.klc.org/News/12942/the-occupational-business-license-fee | https://kleague.sharepoint.com/sites/governmentalaffairs/Shared%20Documents/Research/Taxes/Occupational%20Taxes/KY%20City_OccupationalLicenseRates_FY2023.pdf?ga=1 | https://www.klc.org/InfoCentral/Detail/31/occupational-license-tax | https://apps.legislature.ky.gov/law/statutes/statute.aspx?id=23793 | https://apps.legislature.ky.gov/law/statutes/statute.aspx?id=23796","KLC is an authoritative municipal association, but its rate table is a city survey rather than the municipality ordinance. | The table warns that rates may change and uses FY2023 or the most readily available values. | A current local ordinance, withholding material, and boundary match are required before a product BUFFER decision."
"ky-klc-payroll-cave-city","KY","Cave City","incorporated city","{""klc_county"":""Barren"",""klc_fy2023_source_page"":3}","Occupational License Tax / Payroll Tax","employee gross earnings or payroll","persons working within the city under Kentucky occupational-license-tax rules; current local boundary and ordinance must be verified before use","True","2.00%","FY2023 KLC city survey; KLC still reported 170 gross-earnings cities on 2025-07-11","Cave City local occupational-tax administrator","SUPPORTED_AUTHORITATIVE_ASSOCIATION","PARTIAL","UNDETERMINED until the current local ordinance, rate, and authoritative jurisdiction boundary are verified","FY2023 surveyed rate; KLC adopter count published 2025-07-11; retrieved 2026-08-25","https://www.klc.org/News/12942/the-occupational-business-license-fee | https://kleague.sharepoint.com/sites/governmentalaffairs/Shared%20Documents/Research/Taxes/Occupational%20Taxes/KY%20City_OccupationalLicenseRates_FY2023.pdf?ga=1 | https://www.klc.org/InfoCentral/Detail/31/occupational-license-tax | https://apps.legislature.ky.gov/law/statutes/statute.aspx?id=23793 | https://apps.legislature.ky.gov/law/statutes/statute.aspx?id=23796","KLC is an authoritative municipal association, but its rate table is a city survey rather than the municipality ordinance. | The table warns that rates may change and uses FY2023 or the most readily available values. | A current local ordinance, withholding material, and boundary match are required before a product BUFFER decision."
"ky-klc-payroll-clay-city","KY","Clay City","incorporated city","{""klc_county"":""Powell"",""klc_fy2023_source_page"":3}","Occupational License Tax / Payroll Tax","employee gross earnings or payroll","persons working within the city under Kentucky occupational-license-tax rules; current local boundary and ordinance must be verified before use","True","1.00%","FY2023 KLC city survey; KLC still reported 170 gross-earnings cities on 2025-07-11","Clay City local occupational-tax administrator","SUPPORTED_AUTHORITATIVE_ASSOCIATION","PARTIAL","UNDETERMINED until the current local ordinance, rate, and authoritative jurisdiction boundary are verified","FY2023 surveyed rate; KLC adopter count published 2025-07-11; retrieved 2026-08-25","https://www.klc.org/News/12942/the-occupational-business-license-fee | https://kleague.sharepoint.com/sites/governmentalaffairs/Shared%20Documents/Research/Taxes/Occupational%20Taxes/KY%20City_OccupationalLicenseRates_FY2023.pdf?ga=1 | https://www.klc.org/InfoCentral/Detail/31/occupational-license-tax | https://apps.legislature.ky.gov/law/statutes/statute.aspx?id=23793 | https://apps.legislature.ky.gov/law/statutes/statute.aspx?id=23796","KLC is an authoritative municipal association, but its rate table is a city survey rather than the municipality ordinance. | The table warns that rates may change and uses FY2023 or the most readily available values. | A current local ordinance, withholding material, and boundary match are required before a product BUFFER decision."
"ky-klc-payroll-columbia","KY","Columbia","incorporated city","{""klc_county"":""Adair"",""klc_fy2023_source_page"":3}","Occupational License Tax / Payroll Tax","employee gross earnings or payroll","persons working within the city under Kentucky occupational-license-tax rules; current local boundary and ordinance must be verified before use","True","1.00%","FY2023 KLC city survey; KLC still reported 170 gross-earnings cities on 2025-07-11","Columbia local occupational-tax administrator","SUPPORTED_AUTHORITATIVE_ASSOCIATION","PARTIAL","UNDETERMINED until the current local ordinance, rate, and authoritative jurisdiction boundary are verified","FY2023 surveyed rate; KLC adopter count published 2025-07-11; retrieved 2026-08-25","https://www.klc.org/News/12942/the-occupational-business-license-fee | https://kleague.sharepoint.com/sites/governmentalaffairs/Shared%20Documents/Research/Taxes/Occupational%20Taxes/KY%20City_OccupationalLicenseRates_FY2023.pdf?ga=1 | https://www.klc.org/InfoCentral/Detail/31/occupational-license-tax | https://apps.legislature.ky.gov/law/statutes/statute.aspx?id=23793 | https://apps.legislature.ky.gov/law/statutes/statute.aspx?id=23796","KLC is an authoritative municipal association, but its rate table is a city survey rather than the municipality ordinance. | The table warns that rates may change and uses FY2023 or the most readily available values. | A current local ordinance, withholding material, and boundary match are required before a product BUFFER decision."
"ky-klc-payroll-crab-orchard","KY","Crab Orchard","incorporated city","{""klc_county"":""Lincoln"",""klc_fy2023_source_page"":3}","Occupational License Tax / Payroll Tax","employee gross earnings or payroll","persons working within the city under Kentucky occupational-license-tax rules; current local boundary and ordinance must be verified before use","True","1.00%","FY2023 KLC city survey; KLC still reported 170 gross-earnings cities on 2025-07-11","Crab Orchard local occupational-tax administrator","SUPPORTED_AUTHORITATIVE_ASSOCIATION","PARTIAL","UNDETERMINED until the current local ordinance, rate, and authoritative jurisdiction boundary are verified","FY2023 surveyed rate; KLC adopter count published 2025-07-11; retrieved 2026-08-25","https://www.klc.org/News/12942/the-occupational-business-license-fee | https://kleague.sharepoint.com/sites/governmentalaffairs/Shared%20Documents/Research/Taxes/Occupational%20Taxes/KY%20City_OccupationalLicenseRates_FY2023.pdf?ga=1 | https://www.klc.org/InfoCentral/Detail/31/occupational-license-tax | https://apps.legislature.ky.gov/law/statutes/statute.aspx?id=23793 | https://apps.legislature.ky.gov/law/statutes/statute.aspx?id=23796","KLC is an authoritative municipal association, but its rate table is a city survey rather than the municipality ordinance. | The table warns that rates may change and uses FY2023 or the most readily available values. | A current local ordinance, withholding material, and boundary match are required before a product BUFFER decision."
"ky-klc-payroll-dawson-springs","KY","Dawson Springs","incorporated city","{""klc_county"":""Hopkins/Caldwell"",""klc_fy2023_source_page"":4}","Occupational License Tax / Payroll Tax","employee gross earnings or payroll","persons working within the city under Kentucky occupational-license-tax rules; current local boundary and ordinance must be verified before use","True","1.50%","FY2023 KLC city survey; KLC still reported 170 gross-earnings cities on 2025-07-11","Dawson Springs local occupational-tax administrator","SUPPORTED_AUTHORITATIVE_ASSOCIATION","PARTIAL","UNDETERMINED until the current local ordinance, rate, and authoritative jurisdiction boundary are verified","FY2023 surveyed rate; KLC adopter count published 2025-07-11; retrieved 2026-08-25","https://www.klc.org/News/12942/the-occupational-business-license-fee | https://kleague.sharepoint.com/sites/governmentalaffairs/Shared%20Documents/Research/Taxes/Occupational%20Taxes/KY%20City_OccupationalLicenseRates_FY2023.pdf?ga=1 | https://www.klc.org/InfoCentral/Detail/31/occupational-license-tax | https://apps.legislature.ky.gov/law/statutes/statute.aspx?id=23793 | https://apps.legislature.ky.gov/law/statutes/statute.aspx?id=23796","KLC is an authoritative municipal association, but its rate table is a city survey rather than the municipality ordinance. | The table warns that rates may change and uses FY2023 or the most readily available values. | A current local ordinance, withholding material, and boundary match are required before a product BUFFER decision."
"ky-klc-payroll-dry-ridge","KY","Dry Ridge","incorporated city","{""klc_county"":""Grant"",""klc_fy2023_source_page"":4}","Occupational License Tax / Payroll Tax","employee gross earnings or payroll","persons working within the city under Kentucky occupational-license-tax rules; current local boundary and ordinance must be verified before use","True","1.25%","FY2023 KLC city survey; KLC still reported 170 gross-earnings cities on 2025-07-11","Dry Ridge local occupational-tax administrator","SUPPORTED_AUTHORITATIVE_ASSOCIATION","PARTIAL","UNDETERMINED until the current local ordinance, rate, and authoritative jurisdiction boundary are verified","FY2023 surveyed rate; KLC adopter count published 2025-07-11; retrieved 2026-08-25","https://www.klc.org/News/12942/the-occupational-business-license-fee | https://kleague.sharepoint.com/sites/governmentalaffairs/Shared%20Documents/Research/Taxes/Occupational%20Taxes/KY%20City_OccupationalLicenseRates_FY2023.pdf?ga=1 | https://www.klc.org/InfoCentral/Detail/31/occupational-license-tax | https://apps.legislature.ky.gov/law/statutes/statute.aspx?id=23793 | https://apps.legislature.ky.gov/law/statutes/statute.aspx?id=23796","KLC is an authoritative municipal association, but its rate table is a city survey rather than the municipality ordinance. | The table warns that rates may change and uses FY2023 or the most readily available values. | A current local ordinance, withholding material, and boundary match are required before a product BUFFER decision."
"ky-klc-payroll-earlington","KY","Earlington","incorporated city","{""klc_county"":""Hopkins"",""klc_fy2023_source_page"":4}","Occupational License Tax / Payroll Tax","employee gross earnings or payroll","persons working within the city under Kentucky occupational-license-tax rules; current local boundary and ordinance must be verified before use","True","1.50%","FY2023 KLC city survey; KLC still reported 170 gross-earnings cities on 2025-07-11","Earlington local occupational-tax administrator","SUPPORTED_AUTHORITATIVE_ASSOCIATION","PARTIAL","UNDETERMINED until the current local ordinance, rate, and authoritative jurisdiction boundary are verified","FY2023 surveyed rate; KLC adopter count published 2025-07-11; retrieved 2026-08-25","https://www.klc.org/News/12942/the-occupational-business-license-fee | https://kleague.sharepoint.com/sites/governmentalaffairs/Shared%20Documents/Research/Taxes/Occupational%20Taxes/KY%20City_OccupationalLicenseRates_FY2023.pdf?ga=1 | https://www.klc.org/InfoCentral/Detail/31/occupational-license-tax | https://apps.legislature.ky.gov/law/statutes/statute.aspx?id=23793 | https://apps.legislature.ky.gov/law/statutes/statute.aspx?id=23796","KLC is an authoritative municipal association, but its rate table is a city survey rather than the municipality ordinance. | The table warns that rates may change and uses FY2023 or the most readily available values. | A current local ordinance, withholding material, and boundary match are required before a product BUFFER decision."
"ky-klc-payroll-eddyville","KY","Eddyville","incorporated city","{""klc_county"":""Lyon"",""klc_fy2023_source_page"":4}","Occupational License Tax / Payroll Tax","employee gross earnings or payroll","persons working within the city under Kentucky occupational-license-tax rules; current local boundary and ordinance must be verified before use","True","1.50%","FY2023 KLC city survey; KLC still reported 170 gross-earnings cities on 2025-07-11","Eddyville local occupational-tax administrator","SUPPORTED_AUTHORITATIVE_ASSOCIATION","PARTIAL","UNDETERMINED until the current local ordinance, rate, and authoritative jurisdiction boundary are verified","FY2023 surveyed rate; KLC adopter count published 2025-07-11; retrieved 2026-08-25","https://www.klc.org/News/12942/the-occupational-business-license-fee | https://kleague.sharepoint.com/sites/governmentalaffairs/Shared%20Documents/Research/Taxes/Occupational%20Taxes/KY%20City_OccupationalLicenseRates_FY2023.pdf?ga=1 | https://www.klc.org/InfoCentral/Detail/31/occupational-license-tax | https://apps.legislature.ky.gov/law/statutes/statute.aspx?id=23793 | https://apps.legislature.ky.gov/law/statutes/statute.aspx?id=23796","KLC is an authoritative municipal association, but its rate table is a city survey rather than the municipality ordinance. | The table warns that rates may change and uses FY2023 or the most readily available values. | A current local ordinance, withholding material, and boundary match are required before a product BUFFER decision."
"ky-klc-payroll-edmonton","KY","Edmonton","incorporated city","{""klc_county"":""Metcalfe"",""klc_fy2023_source_page"":4}","Occupational License Tax / Payroll Tax","employee gross earnings or payroll","persons working within the city under Kentucky occupational-license-tax rules; current local boundary and ordinance must be verified before use","True","1.50%","FY2023 KLC city survey; KLC still reported 170 gross-earnings cities on 2025-07-11","Edmonton local occupational-tax administrator","SUPPORTED_AUTHORITATIVE_ASSOCIATION","PARTIAL","UNDETERMINED until the current local ordinance, rate, and authoritative jurisdiction boundary are verified","FY2023 surveyed rate; KLC adopter count published 2025-07-11; retrieved 2026-08-25","https://www.klc.org/News/12942/the-occupational-business-license-fee | https://kleague.sharepoint.com/sites/governmentalaffairs/Shared%20Documents/Research/Taxes/Occupational%20Taxes/KY%20City_OccupationalLicenseRates_FY2023.pdf?ga=1 | https://www.klc.org/InfoCentral/Detail/31/occupational-license-tax | https://apps.legislature.ky.gov/law/statutes/statute.aspx?id=23793 | https://apps.legislature.ky.gov/law/statutes/statute.aspx?id=23796","KLC is an authoritative municipal association, but its rate table is a city survey rather than the municipality ordinance. | The table warns that rates may change and uses FY2023 or the most readily available values. | A current local ordinance, withholding material, and boundary match are required before a product BUFFER decision."
"ky-klc-payroll-elkhorn-city","KY","Elkhorn City","incorporated city","{""klc_county"":""Pike"",""klc_fy2023_source_page"":4}","Occupational License Tax / Payroll Tax","employee gross earnings or payroll","persons working within the city under Kentucky occupational-license-tax rules; current local boundary and ordinance must be verified before use","True","1.00%","FY2023 KLC city survey; KLC still reported 170 gross-earnings cities on 2025-07-11","Elkhorn City local occupational-tax administrator","SUPPORTED_AUTHORITATIVE_ASSOCIATION","PARTIAL","UNDETERMINED until the current local ordinance, rate, and authoritative jurisdiction boundary are verified","FY2023 surveyed rate; KLC adopter count published 2025-07-11; retrieved 2026-08-25","https://www.klc.org/News/12942/the-occupational-business-license-fee | https://kleague.sharepoint.com/sites/governmentalaffairs/Shared%20Documents/Research/Taxes/Occupational%20Taxes/KY%20City_OccupationalLicenseRates_FY2023.pdf?ga=1 | https://www.klc.org/InfoCentral/Detail/31/occupational-license-tax | https://apps.legislature.ky.gov/law/statutes/statute.aspx?id=23793 | https://apps.legislature.ky.gov/law/statutes/statute.aspx?id=23796","KLC is an authoritative municipal association, but its rate table is a city survey rather than the municipality ordinance. | The table warns that rates may change and uses FY2023 or the most readily available values. | A current local ordinance, withholding material, and boundary match are required before a product BUFFER decision."
"ky-klc-payroll-elkton","KY","Elkton","incorporated city","{""klc_county"":""Todd"",""klc_fy2023_source_page"":5}","Occupational License Tax / Payroll Tax","employee gross earnings or payroll","persons working within the city under Kentucky occupational-license-tax rules; current local boundary and ordinance must be verified before use","True","2.00%","FY2023 KLC city survey; KLC still reported 170 gross-earnings cities on 2025-07-11","Elkton local occupational-tax administrator","SUPPORTED_AUTHORITATIVE_ASSOCIATION","PARTIAL","UNDETERMINED until the current local ordinance, rate, and authoritative jurisdiction boundary are verified","FY2023 surveyed rate; KLC adopter count published 2025-07-11; retrieved 2026-08-25","https://www.klc.org/News/12942/the-occupational-business-license-fee | https://kleague.sharepoint.com/sites/governmentalaffairs/Shared%20Documents/Research/Taxes/Occupational%20Taxes/KY%20City_OccupationalLicenseRates_FY2023.pdf?ga=1 | https://www.klc.org/InfoCentral/Detail/31/occupational-license-tax | https://apps.legislature.ky.gov/law/statutes/statute.aspx?id=23793 | https://apps.legislature.ky.gov/law/statutes/statute.aspx?id=23796","KLC is an authoritative municipal association, but its rate table is a city survey rather than the municipality ordinance. | The table warns that rates may change and uses FY2023 or the most readily available values. | A current local ordinance, withholding material, and boundary match are required before a product BUFFER decision."
"ky-klc-payroll-eminence","KY","Eminence","incorporated city","{""klc_county"":""Henry"",""klc_fy2023_source_page"":5}","Occupational License Tax / Payroll Tax","employee gross earnings or payroll","persons working within the city under Kentucky occupational-license-tax rules; current local boundary and ordinance must be verified before use","True","0.75%","FY2023 KLC city survey; KLC still reported 170 gross-earnings cities on 2025-07-11","Eminence local occupational-tax administrator","SUPPORTED_AUTHORITATIVE_ASSOCIATION","PARTIAL","UNDETERMINED until the current local ordinance, rate, and authoritative jurisdiction boundary are verified","FY2023 surveyed rate; KLC adopter count published 2025-07-11; retrieved 2026-08-25","https://www.klc.org/News/12942/the-occupational-business-license-fee | https://kleague.sharepoint.com/sites/governmentalaffairs/Shared%20Documents/Research/Taxes/Occupational%20Taxes/KY%20City_OccupationalLicenseRates_FY2023.pdf?ga=1 | https://www.klc.org/InfoCentral/Detail/31/occupational-license-tax | https://apps.legislature.ky.gov/law/statutes/statute.aspx?id=23793 | https://apps.legislature.ky.gov/law/statutes/statute.aspx?id=23796","KLC is an authoritative municipal association, but its rate table is a city survey rather than the municipality ordinance. | The table warns that rates may change and uses FY2023 or the most readily available values. | A current local ordinance, withholding material, and boundary match are required before a product BUFFER decision."
"ky-supported-current-falmouth","KY","Falmouth","incorporated city",,"Occupational License Tax / Payroll Tax","reported employee compensation tax; enacted municipal payroll ordinance has not been retained","reported work or services within Falmouth; exact enacted local text remains required","True","1.5% reported","Reported effective 2026-07-01","City of Falmouth","SUPPORTED_CURRENT_SECONDARY","PARTIAL","UNDETERMINED until the enacted payroll ordinance or official employer-withholding form is retained","Current city page and dated reporting retrieved 2026-08-27","https://cityoffalmouth.com/occupational-license/ | https://news.bloombergtax.com/financial-accounting/falmouth-kentucky-creates-payroll-tax-starting-july-1","The current city page proves a new occupational ordinance but describes its business-license schedule, not the reported 1.5% employee payroll tax. The enacted payroll ordinance or official withholding form is still required."
"ky-klc-payroll-flemingsburg","KY","Flemingsburg","incorporated city","{""klc_county"":""Fleming"",""klc_fy2023_source_page"":5}","Occupational License Tax / Payroll Tax","employee gross earnings or payroll","persons working within the city under Kentucky occupational-license-tax rules; current local boundary and ordinance must be verified before use","True","1.00%","FY2023 KLC city survey; KLC still reported 170 gross-earnings cities on 2025-07-11","Flemingsburg local occupational-tax administrator","SUPPORTED_AUTHORITATIVE_ASSOCIATION","PARTIAL","UNDETERMINED until the current local ordinance, rate, and authoritative jurisdiction boundary are verified","FY2023 surveyed rate; KLC adopter count published 2025-07-11; retrieved 2026-08-25","https://www.klc.org/News/12942/the-occupational-business-license-fee | https://kleague.sharepoint.com/sites/governmentalaffairs/Shared%20Documents/Research/Taxes/Occupational%20Taxes/KY%20City_OccupationalLicenseRates_FY2023.pdf?ga=1 | https://www.klc.org/InfoCentral/Detail/31/occupational-license-tax | https://apps.legislature.ky.gov/law/statutes/statute.aspx?id=23793 | https://apps.legislature.ky.gov/law/statutes/statute.aspx?id=23796","KLC is an authoritative municipal association, but its rate table is a city survey rather than the municipality ordinance. | The table warns that rates may change and uses FY2023 or the most readily available values. | A current local ordinance, withholding material, and boundary match are required before a product BUFFER decision."
"ky-klc-payroll-fordsville","KY","Fordsville","incorporated city","{""klc_county"":""Ohio"",""klc_fy2023_source_page"":5}","Occupational License Tax / Payroll Tax","employee gross earnings or payroll","persons working within the city under Kentucky occupational-license-tax rules; current local boundary and ordinance must be verified before use","True","1.25%","FY2023 KLC city survey; KLC still reported 170 gross-earnings cities on 2025-07-11","Fordsville local occupational-tax administrator","SUPPORTED_AUTHORITATIVE_ASSOCIATION","PARTIAL","UNDETERMINED until the current local ordinance, rate, and authoritative jurisdiction boundary are verified","FY2023 surveyed rate; KLC adopter count published 2025-07-11; retrieved 2026-08-25","https://www.klc.org/News/12942/the-occupational-business-license-fee | https://kleague.sharepoint.com/sites/governmentalaffairs/Shared%20Documents/Research/Taxes/Occupational%20Taxes/KY%20City_OccupationalLicenseRates_FY2023.pdf?ga=1 | https://www.klc.org/InfoCentral/Detail/31/occupational-license-tax | https://apps.legislature.ky.gov/law/statutes/statute.aspx?id=23793 | https://apps.legislature.ky.gov/law/statutes/statute.aspx?id=23796","KLC is an authoritative municipal association, but its rate table is a city survey rather than the municipality ordinance. | The table warns that rates may change and uses FY2023 or the most readily available values. | A current local ordinance, withholding material, and boundary match are required before a product BUFFER decision."
"ky-klc-payroll-fountain-run","KY","Fountain Run","incorporated city","{""klc_county"":""Monroe"",""klc_fy2023_source_page"":5}","Occupational License Tax / Payroll Tax","employee gross earnings or payroll","persons working within the city under Kentucky occupational-license-tax rules; current local boundary and ordinance must be verified before use","True","1.00%","FY2023 KLC city survey; KLC still reported 170 gross-earnings cities on 2025-07-11","Fountain Run local occupational-tax administrator","SUPPORTED_AUTHORITATIVE_ASSOCIATION","PARTIAL","UNDETERMINED until the current local ordinance, rate, and authoritative jurisdiction boundary are verified","FY2023 surveyed rate; KLC adopter count published 2025-07-11; retrieved 2026-08-25","https://www.klc.org/News/12942/the-occupational-business-license-fee | https://kleague.sharepoint.com/sites/governmentalaffairs/Shared%20Documents/Research/Taxes/Occupational%20Taxes/KY%20City_OccupationalLicenseRates_FY2023.pdf?ga=1 | https://www.klc.org/InfoCentral/Detail/31/occupational-license-tax | https://apps.legislature.ky.gov/law/statutes/statute.aspx?id=23793 | https://apps.legislature.ky.gov/law/statutes/statute.aspx?id=23796","KLC is an authoritative municipal association, but its rate table is a city survey rather than the municipality ordinance. | The table warns that rates may change and uses FY2023 or the most readily available values. | A current local ordinance, withholding material, and boundary match are required before a product BUFFER decision."
"ky-klc-payroll-franklin","KY","Franklin","incorporated city","{""klc_county"":""Simpson"",""klc_fy2023_source_page"":5}","Occupational License Tax / Payroll Tax","employee gross earnings or payroll","persons working within the city under Kentucky occupational-license-tax rules; current local boundary and ordinance must be verified before use","True","1.00%","FY2023 KLC city survey; KLC still reported 170 gross-earnings cities on 2025-07-11","Franklin local occupational-tax administrator","SUPPORTED_AUTHORITATIVE_ASSOCIATION","PARTIAL","UNDETERMINED until the current local ordinance, rate, and authoritative jurisdiction boundary are verified","FY2023 surveyed rate; KLC adopter count published 2025-07-11; retrieved 2026-08-25","https://www.klc.org/News/12942/the-occupational-business-license-fee | https://kleague.sharepoint.com/sites/governmentalaffairs/Shared%20Documents/Research/Taxes/Occupational%20Taxes/KY%20City_OccupationalLicenseRates_FY2023.pdf?ga=1 | https://www.klc.org/InfoCentral/Detail/31/occupational-license-tax | https://apps.legislature.ky.gov/law/statutes/statute.aspx?id=23793 | https://apps.legislature.ky.gov/law/statutes/statute.aspx?id=23796","KLC is an authoritative municipal association, but its rate table is a city survey rather than the municipality ordinance. | The table warns that rates may change and uses FY2023 or the most readily available values. | A current local ordinance, withholding material, and boundary match are required before a product BUFFER decision."
"ky-klc-payroll-fulton","KY","Fulton","incorporated city","{""klc_county"":""Fulton"",""klc_fy2023_source_page"":6}","Occupational License Tax / Payroll Tax","employee gross earnings or payroll","persons working within the city under Kentucky occupational-license-tax rules; current local boundary and ordinance must be verified before use","True","2.00%","FY2023 KLC city survey; KLC still reported 170 gross-earnings cities on 2025-07-11","Fulton local occupational-tax administrator","SUPPORTED_AUTHORITATIVE_ASSOCIATION","PARTIAL","UNDETERMINED until the current local ordinance, rate, and authoritative jurisdiction boundary are verified","FY2023 surveyed rate; KLC adopter count published 2025-07-11; retrieved 2026-08-25","https://www.klc.org/News/12942/the-occupational-business-license-fee | https://kleague.sharepoint.com/sites/governmentalaffairs/Shared%20Documents/Research/Taxes/Occupational%20Taxes/KY%20City_OccupationalLicenseRates_FY2023.pdf?ga=1 | https://www.klc.org/InfoCentral/Detail/31/occupational-license-tax | https://apps.legislature.ky.gov/law/statutes/statute.aspx?id=23793 | https://apps.legislature.ky.gov/law/statutes/statute.aspx?id=23796","KLC is an authoritative municipal association, but its rate table is a city survey rather than the municipality ordinance. | The table warns that rates may change and uses FY2023 or the most readily available values. | A current local ordinance, withholding material, and boundary match are required before a product BUFFER decision."
"ky-klc-payroll-greensburg","KY","Greensburg","incorporated city","{""klc_county"":""Green"",""klc_fy2023_source_page"":6}","Occupational License Tax / Payroll Tax","employee gross earnings or payroll","persons working within the city under Kentucky occupational-license-tax rules; current local boundary and ordinance must be verified before use","True","1.50%","FY2023 KLC city survey; KLC still reported 170 gross-earnings cities on 2025-07-11","Greensburg local occupational-tax administrator","SUPPORTED_AUTHORITATIVE_ASSOCIATION","PARTIAL","UNDETERMINED until the current local ordinance, rate, and authoritative jurisdiction boundary are verified","FY2023 surveyed rate; KLC adopter count published 2025-07-11; retrieved 2026-08-25","https://www.klc.org/News/12942/the-occupational-business-license-fee | https://kleague.sharepoint.com/sites/governmentalaffairs/Shared%20Documents/Research/Taxes/Occupational%20Taxes/KY%20City_OccupationalLicenseRates_FY2023.pdf?ga=1 | https://www.klc.org/InfoCentral/Detail/31/occupational-license-tax | https://apps.legislature.ky.gov/law/statutes/statute.aspx?id=23793 | https://apps.legislature.ky.gov/law/statutes/statute.aspx?id=23796","KLC is an authoritative municipal association, but its rate table is a city survey rather than the municipality ordinance. | The table warns that rates may change and uses FY2023 or the most readily available values. | A current local ordinance, withholding material, and boundary match are required before a product BUFFER decision."
"ky-klc-payroll-greenup","KY","Greenup","incorporated city","{""klc_county"":""Greenup"",""klc_fy2023_source_page"":6}","Occupational License Tax / Payroll Tax","employee gross earnings or payroll","persons working within the city under Kentucky occupational-license-tax rules; current local boundary and ordinance must be verified before use","True","1.00%","FY2023 KLC city survey; KLC still reported 170 gross-earnings cities on 2025-07-11","Greenup local occupational-tax administrator","SUPPORTED_AUTHORITATIVE_ASSOCIATION","PARTIAL","UNDETERMINED until the current local ordinance, rate, and authoritative jurisdiction boundary are verified","FY2023 surveyed rate; KLC adopter count published 2025-07-11; retrieved 2026-08-25","https://www.klc.org/News/12942/the-occupational-business-license-fee | https://kleague.sharepoint.com/sites/governmentalaffairs/Shared%20Documents/Research/Taxes/Occupational%20Taxes/KY%20City_OccupationalLicenseRates_FY2023.pdf?ga=1 | https://www.klc.org/InfoCentral/Detail/31/occupational-license-tax | https://apps.legislature.ky.gov/law/statutes/statute.aspx?id=23793 | https://apps.legislature.ky.gov/law/statutes/statute.aspx?id=23796","KLC is an authoritative municipal association, but its rate table is a city survey rather than the municipality ordinance. | The table warns that rates may change and uses FY2023 or the most readily available values. | A current local ordinance, withholding material, and boundary match are required before a product BUFFER decision."
"ky-klc-payroll-guthrie","KY","Guthrie","incorporated city","{""klc_county"":""Todd"",""klc_fy2023_source_page"":6}","Occupational License Tax / Payroll Tax","employee gross earnings or payroll","persons working within the city under Kentucky occupational-license-tax rules; current local boundary and ordinance must be verified before use","True","1.00%","FY2023 KLC city survey; KLC still reported 170 gross-earnings cities on 2025-07-11","Guthrie local occupational-tax administrator","SUPPORTED_AUTHORITATIVE_ASSOCIATION","PARTIAL","UNDETERMINED until the current local ordinance, rate, and authoritative jurisdiction boundary are verified","FY2023 surveyed rate; KLC adopter count published 2025-07-11; retrieved 2026-08-25","https://www.klc.org/News/12942/the-occupational-business-license-fee | https://kleague.sharepoint.com/sites/governmentalaffairs/Shared%20Documents/Research/Taxes/Occupational%20Taxes/KY%20City_OccupationalLicenseRates_FY2023.pdf?ga=1 | https://www.klc.org/InfoCentral/Detail/31/occupational-license-tax | https://apps.legislature.ky.gov/law/statutes/statute.aspx?id=23793 | https://apps.legislature.ky.gov/law/statutes/statute.aspx?id=23796","KLC is an authoritative municipal association, but its rate table is a city survey rather than the municipality ordinance. | The table warns that rates may change and uses FY2023 or the most readily available values. | A current local ordinance, withholding material, and boundary match are required before a product BUFFER decision."
"ky-klc-payroll-harrodsburg","KY","Harrodsburg","incorporated city","{""klc_county"":""Mercer"",""klc_fy2023_source_page"":6}","Occupational License Tax / Payroll Tax","employee gross earnings or payroll","persons working within the city under Kentucky occupational-license-tax rules; current local boundary and ordinance must be verified before use","True","1.00%","FY2023 KLC city survey; KLC still reported 170 gross-earnings cities on 2025-07-11","Harrodsburg local occupational-tax administrator","SUPPORTED_AUTHORITATIVE_ASSOCIATION","PARTIAL","UNDETERMINED until the current local ordinance, rate, and authoritative jurisdiction boundary are verified","FY2023 surveyed rate; KLC adopter count published 2025-07-11; retrieved 2026-08-25","https://www.klc.org/News/12942/the-occupational-business-license-fee | https://kleague.sharepoint.com/sites/governmentalaffairs/Shared%20Documents/Research/Taxes/Occupational%20Taxes/KY%20City_OccupationalLicenseRates_FY2023.pdf?ga=1 | https://www.klc.org/InfoCentral/Detail/31/occupational-license-tax | https://apps.legislature.ky.gov/law/statutes/statute.aspx?id=23793 | https://apps.legislature.ky.gov/law/statutes/statute.aspx?id=23796","KLC is an authoritative municipal association, but its rate table is a city survey rather than the municipality ordinance. | The table warns that rates may change and uses FY2023 or the most readily available values. | A current local ordinance, withholding material, and boundary match are required before a product BUFFER decision."
"ky-klc-payroll-hebron-estates","KY","Hebron Estates","incorporated city","{""klc_county"":""Bullitt"",""klc_fy2023_source_page"":7}","Occupational License Tax / Payroll Tax","employee gross earnings or payroll","persons working within the city under Kentucky occupational-license-tax rules; current local boundary and ordinance must be verified before use","True","1.00%","FY2023 KLC city survey; KLC still reported 170 gross-earnings cities on 2025-07-11","Hebron Estates local occupational-tax administrator","SUPPORTED_AUTHORITATIVE_ASSOCIATION","PARTIAL","UNDETERMINED until the current local ordinance, rate, and authoritative jurisdiction boundary are verified","FY2023 surveyed rate; KLC adopter count published 2025-07-11; retrieved 2026-08-25","https://www.klc.org/News/12942/the-occupational-business-license-fee | https://kleague.sharepoint.com/sites/governmentalaffairs/Shared%20Documents/Research/Taxes/Occupational%20Taxes/KY%20City_OccupationalLicenseRates_FY2023.pdf?ga=1 | https://www.klc.org/InfoCentral/Detail/31/occupational-license-tax | https://apps.legislature.ky.gov/law/statutes/statute.aspx?id=23793 | https://apps.legislature.ky.gov/law/statutes/statute.aspx?id=23796","KLC is an authoritative municipal association, but its rate table is a city survey rather than the municipality ordinance. | The table warns that rates may change and uses FY2023 or the most readily available values. | A current local ordinance, withholding material, and boundary match are required before a product BUFFER decision."
"ky-klc-payroll-hickman","KY","Hickman","incorporated city","{""klc_county"":""Fulton"",""klc_fy2023_source_page"":7}","Occupational License Tax / Payroll Tax","employee gross earnings or payroll","persons working within the city under Kentucky occupational-license-tax rules; current local boundary and ordinance must be verified before use","True","1.75%","FY2023 KLC city survey; KLC still reported 170 gross-earnings cities on 2025-07-11","Hickman local occupational-tax administrator","SUPPORTED_AUTHORITATIVE_ASSOCIATION","PARTIAL","UNDETERMINED until the current local ordinance, rate, and authoritative jurisdiction boundary are verified","FY2023 surveyed rate; KLC adopter count published 2025-07-11; retrieved 2026-08-25","https://www.klc.org/News/12942/the-occupational-business-license-fee | https://kleague.sharepoint.com/sites/governmentalaffairs/Shared%20Documents/Research/Taxes/Occupational%20Taxes/KY%20City_OccupationalLicenseRates_FY2023.pdf?ga=1 | https://www.klc.org/InfoCentral/Detail/31/occupational-license-tax | https://apps.legislature.ky.gov/law/statutes/statute.aspx?id=23793 | https://apps.legislature.ky.gov/law/statutes/statute.aspx?id=23796","KLC is an authoritative municipal association, but its rate table is a city survey rather than the municipality ordinance. | The table warns that rates may change and uses FY2023 or the most readily available values. | A current local ordinance, withholding material, and boundary match are required before a product BUFFER decision."
"ky-klc-payroll-highland-heights","KY","Highland Heights","incorporated city","{""klc_county"":""Campbell"",""klc_fy2023_source_page"":7}","Occupational License Tax / Payroll Tax","employee gross earnings or payroll","persons working within the city under Kentucky occupational-license-tax rules; current local boundary and ordinance must be verified before use","True","1.00%","FY2023 KLC city survey; KLC still reported 170 gross-earnings cities on 2025-07-11","Highland Heights local occupational-tax administrator","SUPPORTED_AUTHORITATIVE_ASSOCIATION","PARTIAL","UNDETERMINED until the current local ordinance, rate, and authoritative jurisdiction boundary are verified","FY2023 surveyed rate; KLC adopter count published 2025-07-11; retrieved 2026-08-25","https://www.klc.org/News/12942/the-occupational-business-license-fee | https://kleague.sharepoint.com/sites/governmentalaffairs/Shared%20Documents/Research/Taxes/Occupational%20Taxes/KY%20City_OccupationalLicenseRates_FY2023.pdf?ga=1 | https://www.klc.org/InfoCentral/Detail/31/occupational-license-tax | https://apps.legislature.ky.gov/law/statutes/statute.aspx?id=23793 | https://apps.legislature.ky.gov/law/statutes/statute.aspx?id=23796","KLC is an authoritative municipal association, but its rate table is a city survey rather than the municipality ordinance. | The table warns that rates may change and uses FY2023 or the most readily available values. | A current local ordinance, withholding material, and boundary match are required before a product BUFFER decision."
"ky-klc-payroll-jackson","KY","Jackson","incorporated city","{""klc_county"":""Breathitt"",""klc_fy2023_source_page"":7}","Occupational License Tax / Payroll Tax","employee gross earnings or payroll","persons working within the city under Kentucky occupational-license-tax rules; current local boundary and ordinance must be verified before use","True","2.00%","FY2023 KLC city survey; KLC still reported 170 gross-earnings cities on 2025-07-11","Jackson local occupational-tax administrator","SUPPORTED_AUTHORITATIVE_ASSOCIATION","PARTIAL","UNDETERMINED until the current local ordinance, rate, and authoritative jurisdiction boundary are verified","FY2023 surveyed rate; KLC adopter count published 2025-07-11; retrieved 2026-08-25","https://www.klc.org/News/12942/the-occupational-business-license-fee | https://kleague.sharepoint.com/sites/governmentalaffairs/Shared%20Documents/Research/Taxes/Occupational%20Taxes/KY%20City_OccupationalLicenseRates_FY2023.pdf?ga=1 | https://www.klc.org/InfoCentral/Detail/31/occupational-license-tax | https://apps.legislature.ky.gov/law/statutes/statute.aspx?id=23793 | https://apps.legislature.ky.gov/law/statutes/statute.aspx?id=23796","KLC is an authoritative municipal association, but its rate table is a city survey rather than the municipality ordinance. | The table warns that rates may change and uses FY2023 or the most readily available values. | A current local ordinance, withholding material, and boundary match are required before a product BUFFER decision."
"ky-klc-payroll-jamestown","KY","Jamestown","incorporated city","{""klc_county"":""Russell"",""klc_fy2023_source_page"":7}","Occupational License Tax / Payroll Tax","employee gross earnings or payroll","persons working within the city under Kentucky occupational-license-tax rules; current local boundary and ordinance must be verified before use","True","1.00%","FY2023 KLC city survey; KLC still reported 170 gross-earnings cities on 2025-07-11","Jamestown local occupational-tax administrator","SUPPORTED_AUTHORITATIVE_ASSOCIATION","PARTIAL","UNDETERMINED until the current local ordinance, rate, and authoritative jurisdiction boundary are verified","FY2023 surveyed rate; KLC adopter count published 2025-07-11; retrieved 2026-08-25","https://www.klc.org/News/12942/the-occupational-business-license-fee | https://kleague.sharepoint.com/sites/governmentalaffairs/Shared%20Documents/Research/Taxes/Occupational%20Taxes/KY%20City_OccupationalLicenseRates_FY2023.pdf?ga=1 | https://www.klc.org/InfoCentral/Detail/31/occupational-license-tax | https://apps.legislature.ky.gov/law/statutes/statute.aspx?id=23793 | https://apps.legislature.ky.gov/law/statutes/statute.aspx?id=23796","KLC is an authoritative municipal association, but its rate table is a city survey rather than the municipality ordinance. | The table warns that rates may change and uses FY2023 or the most readily available values. | A current local ordinance, withholding material, and boundary match are required before a product BUFFER decision."
"ky-klc-payroll-jenkins","KY","Jenkins","incorporated city","{""klc_county"":""Letcher"",""klc_fy2023_source_page"":8}","Occupational License Tax / Payroll Tax","employee gross earnings or payroll","persons working within the city under Kentucky occupational-license-tax rules; current local boundary and ordinance must be verified before use","True","1.50%","FY2023 KLC city survey; KLC still reported 170 gross-earnings cities on 2025-07-11","Jenkins local occupational-tax administrator","SUPPORTED_AUTHORITATIVE_ASSOCIATION","PARTIAL","UNDETERMINED until the current local ordinance, rate, and authoritative jurisdiction boundary are verified","FY2023 surveyed rate; KLC adopter count published 2025-07-11; retrieved 2026-08-25","https://www.klc.org/News/12942/the-occupational-business-license-fee | https://kleague.sharepoint.com/sites/governmentalaffairs/Shared%20Documents/Research/Taxes/Occupational%20Taxes/KY%20City_OccupationalLicenseRates_FY2023.pdf?ga=1 | https://www.klc.org/InfoCentral/Detail/31/occupational-license-tax | https://apps.legislature.ky.gov/law/statutes/statute.aspx?id=23793 | https://apps.legislature.ky.gov/law/statutes/statute.aspx?id=23796","KLC is an authoritative municipal association, but its rate table is a city survey rather than the municipality ordinance. | The table warns that rates may change and uses FY2023 or the most readily available values. | A current local ordinance, withholding material, and boundary match are required before a product BUFFER decision."
"ky-klc-payroll-junction-city","KY","Junction City","incorporated city","{""klc_county"":""Boyle/Lincoln"",""klc_fy2023_source_page"":8}","Occupational License Tax / Payroll Tax","employee gross earnings or payroll","persons working within the city under Kentucky occupational-license-tax rules; current local boundary and ordinance must be verified before use","True","1.00%","FY2023 KLC city survey; KLC still reported 170 gross-earnings cities on 2025-07-11","Junction City local occupational-tax administrator","SUPPORTED_AUTHORITATIVE_ASSOCIATION","PARTIAL","UNDETERMINED until the current local ordinance, rate, and authoritative jurisdiction boundary are verified","FY2023 surveyed rate; KLC adopter count published 2025-07-11; retrieved 2026-08-25","https://www.klc.org/News/12942/the-occupational-business-license-fee | https://kleague.sharepoint.com/sites/governmentalaffairs/Shared%20Documents/Research/Taxes/Occupational%20Taxes/KY%20City_OccupationalLicenseRates_FY2023.pdf?ga=1 | https://www.klc.org/InfoCentral/Detail/31/occupational-license-tax | https://apps.legislature.ky.gov/law/statutes/statute.aspx?id=23793 | https://apps.legislature.ky.gov/law/statutes/statute.aspx?id=23796","KLC is an authoritative municipal association, but its rate table is a city survey rather than the municipality ordinance. | The table warns that rates may change and uses FY2023 or the most readily available values. | A current local ordinance, withholding material, and boundary match are required before a product BUFFER decision."
"ky-klc-payroll-lancaster","KY","Lancaster","incorporated city","{""klc_county"":""Garrard"",""klc_fy2023_source_page"":8}","Occupational License Tax / Payroll Tax","employee gross earnings or payroll","persons working within the city under Kentucky occupational-license-tax rules; current local boundary and ordinance must be verified before use","True","0.50%","FY2023 KLC city survey; KLC still reported 170 gross-earnings cities on 2025-07-11","Lancaster local occupational-tax administrator","SUPPORTED_AUTHORITATIVE_ASSOCIATION","PARTIAL","UNDETERMINED until the current local ordinance, rate, and authoritative jurisdiction boundary are verified","FY2023 surveyed rate; KLC adopter count published 2025-07-11; retrieved 2026-08-25","https://www.klc.org/News/12942/the-occupational-business-license-fee | https://kleague.sharepoint.com/sites/governmentalaffairs/Shared%20Documents/Research/Taxes/Occupational%20Taxes/KY%20City_OccupationalLicenseRates_FY2023.pdf?ga=1 | https://www.klc.org/InfoCentral/Detail/31/occupational-license-tax | https://apps.legislature.ky.gov/law/statutes/statute.aspx?id=23793 | https://apps.legislature.ky.gov/law/statutes/statute.aspx?id=23796","KLC is an authoritative municipal association, but its rate table is a city survey rather than the municipality ordinance. | The table warns that rates may change and uses FY2023 or the most readily available values. | A current local ordinance, withholding material, and boundary match are required before a product BUFFER decision."
"ky-klc-payroll-marion","KY","Marion","incorporated city","{""klc_county"":""Crittenden"",""klc_fy2023_source_page"":9}","Occupational License Tax / Payroll Tax","employee gross earnings or payroll","persons working within the city under Kentucky occupational-license-tax rules; current local boundary and ordinance must be verified before use","True","0.75%","FY2023 KLC city survey; KLC still reported 170 gross-earnings cities on 2025-07-11","Marion local occupational-tax administrator","SUPPORTED_AUTHORITATIVE_ASSOCIATION","PARTIAL","UNDETERMINED until the current local ordinance, rate, and authoritative jurisdiction boundary are verified","FY2023 surveyed rate; KLC adopter count published 2025-07-11; retrieved 2026-08-25","https://www.klc.org/News/12942/the-occupational-business-license-fee | https://kleague.sharepoint.com/sites/governmentalaffairs/Shared%20Documents/Research/Taxes/Occupational%20Taxes/KY%20City_OccupationalLicenseRates_FY2023.pdf?ga=1 | https://www.klc.org/InfoCentral/Detail/31/occupational-license-tax | https://apps.legislature.ky.gov/law/statutes/statute.aspx?id=23793 | https://apps.legislature.ky.gov/law/statutes/statute.aspx?id=23796","KLC is an authoritative municipal association, but its rate table is a city survey rather than the municipality ordinance. | The table warns that rates may change and uses FY2023 or the most readily available values. | A current local ordinance, withholding material, and boundary match are required before a product BUFFER decision."
"ky-klc-payroll-mount-washington","KY","Mount Washington","incorporated city","{""klc_county"":""Bullitt"",""klc_fy2023_source_page"":10}","Occupational License Tax / Payroll Tax","employee gross earnings or payroll","persons working within the city under Kentucky occupational-license-tax rules; current local boundary and ordinance must be verified before use","True","1.00%","FY2023 KLC city survey; KLC still reported 170 gross-earnings cities on 2025-07-11","Mount Washington local occupational-tax administrator","SUPPORTED_AUTHORITATIVE_ASSOCIATION","PARTIAL","UNDETERMINED until the current local ordinance, rate, and authoritative jurisdiction boundary are verified","FY2023 surveyed rate; KLC adopter count published 2025-07-11; retrieved 2026-08-25","https://www.klc.org/News/12942/the-occupational-business-license-fee | https://kleague.sharepoint.com/sites/governmentalaffairs/Shared%20Documents/Research/Taxes/Occupational%20Taxes/KY%20City_OccupationalLicenseRates_FY2023.pdf?ga=1 | https://www.klc.org/InfoCentral/Detail/31/occupational-license-tax | https://apps.legislature.ky.gov/law/statutes/statute.aspx?id=23793 | https://apps.legislature.ky.gov/law/statutes/statute.aspx?id=23796","KLC is an authoritative municipal association, but its rate table is a city survey rather than the municipality ordinance. | The table warns that rates may change and uses FY2023 or the most readily available values. | A current local ordinance, withholding material, and boundary match are required before a product BUFFER decision."
"ky-klc-payroll-muldraugh","KY","Muldraugh","incorporated city","{""klc_county"":""Meade/Hardin"",""klc_fy2023_source_page"":10}","Occupational License Tax / Payroll Tax","employee gross earnings or payroll","persons working within the city under Kentucky occupational-license-tax rules; current local boundary and ordinance must be verified before use","True","1.75%","FY2023 KLC city survey; KLC still reported 170 gross-earnings cities on 2025-07-11","Muldraugh local occupational-tax administrator","SUPPORTED_AUTHORITATIVE_ASSOCIATION","PARTIAL","UNDETERMINED until the current local ordinance, rate, and authoritative jurisdiction boundary are verified","FY2023 surveyed rate; KLC adopter count published 2025-07-11; retrieved 2026-08-25","https://www.klc.org/News/12942/the-occupational-business-license-fee | https://kleague.sharepoint.com/sites/governmentalaffairs/Shared%20Documents/Research/Taxes/Occupational%20Taxes/KY%20City_OccupationalLicenseRates_FY2023.pdf?ga=1 | https://www.klc.org/InfoCentral/Detail/31/occupational-license-tax | https://apps.legislature.ky.gov/law/statutes/statute.aspx?id=23793 | https://apps.legislature.ky.gov/law/statutes/statute.aspx?id=23796","KLC is an authoritative municipal association, but its rate table is a city survey rather than the municipality ordinance. | The table warns that rates may change and uses FY2023 or the most readily available values. | A current local ordinance, withholding material, and boundary match are required before a product BUFFER decision."
"ky-klc-payroll-munfordville","KY","Munfordville","incorporated city","{""klc_county"":""Hart"",""klc_fy2023_source_page"":10}","Occupational License Tax / Payroll Tax","employee gross earnings or payroll","persons working within the city under Kentucky occupational-license-tax rules; current local boundary and ordinance must be verified before use","True","0.75%","FY2023 KLC city survey; KLC still reported 170 gross-earnings cities on 2025-07-11","Munfordville local occupational-tax administrator","SUPPORTED_AUTHORITATIVE_ASSOCIATION","PARTIAL","UNDETERMINED until the current local ordinance, rate, and authoritative jurisdiction boundary are verified","FY2023 surveyed rate; KLC adopter count published 2025-07-11; retrieved 2026-08-25","https://www.klc.org/News/12942/the-occupational-business-license-fee | https://kleague.sharepoint.com/sites/governmentalaffairs/Shared%20Documents/Research/Taxes/Occupational%20Taxes/KY%20City_OccupationalLicenseRates_FY2023.pdf?ga=1 | https://www.klc.org/InfoCentral/Detail/31/occupational-license-tax | https://apps.legislature.ky.gov/law/statutes/statute.aspx?id=23793 | https://apps.legislature.ky.gov/law/statutes/statute.aspx?id=23796","KLC is an authoritative municipal association, but its rate table is a city survey rather than the municipality ordinance. | The table warns that rates may change and uses FY2023 or the most readily available values. | A current local ordinance, withholding material, and boundary match are required before a product BUFFER decision."
"ky-klc-payroll-nortonville","KY","Nortonville","incorporated city","{""klc_county"":""Hopkins"",""klc_fy2023_source_page"":10}","Occupational License Tax / Payroll Tax","employee gross earnings or payroll","persons working within the city under Kentucky occupational-license-tax rules; current local boundary and ordinance must be verified before use","True","1.50%","FY2023 KLC city survey; KLC still reported 170 gross-earnings cities on 2025-07-11","Nortonville local occupational-tax administrator","SUPPORTED_AUTHORITATIVE_ASSOCIATION","PARTIAL","UNDETERMINED until the current local ordinance, rate, and authoritative jurisdiction boundary are verified","FY2023 surveyed rate; KLC adopter count published 2025-07-11; retrieved 2026-08-25","https://www.klc.org/News/12942/the-occupational-business-license-fee | https://kleague.sharepoint.com/sites/governmentalaffairs/Shared%20Documents/Research/Taxes/Occupational%20Taxes/KY%20City_OccupationalLicenseRates_FY2023.pdf?ga=1 | https://www.klc.org/InfoCentral/Detail/31/occupational-license-tax | https://apps.legislature.ky.gov/law/statutes/statute.aspx?id=23793 | https://apps.legislature.ky.gov/law/statutes/statute.aspx?id=23796","KLC is an authoritative municipal association, but its rate table is a city survey rather than the municipality ordinance. | The table warns that rates may change and uses FY2023 or the most readily available values. | A current local ordinance, withholding material, and boundary match are required before a product BUFFER decision."
"ky-klc-payroll-park-city","KY","Park City","incorporated city","{""klc_county"":""Barren"",""klc_fy2023_source_page"":11}","Occupational License Tax / Payroll Tax","employee gross earnings or payroll","persons working within the city under Kentucky occupational-license-tax rules; current local boundary and ordinance must be verified before use","True","1.00%","FY2023 KLC city survey; KLC still reported 170 gross-earnings cities on 2025-07-11","Park City local occupational-tax administrator","SUPPORTED_AUTHORITATIVE_ASSOCIATION","PARTIAL","UNDETERMINED until the current local ordinance, rate, and authoritative jurisdiction boundary are verified","FY2023 surveyed rate; KLC adopter count published 2025-07-11; retrieved 2026-08-25","https://www.klc.org/News/12942/the-occupational-business-license-fee | https://kleague.sharepoint.com/sites/governmentalaffairs/Shared%20Documents/Research/Taxes/Occupational%20Taxes/KY%20City_OccupationalLicenseRates_FY2023.pdf?ga=1 | https://www.klc.org/InfoCentral/Detail/31/occupational-license-tax | https://apps.legislature.ky.gov/law/statutes/statute.aspx?id=23793 | https://apps.legislature.ky.gov/law/statutes/statute.aspx?id=23796","KLC is an authoritative municipal association, but its rate table is a city survey rather than the municipality ordinance. | The table warns that rates may change and uses FY2023 or the most readily available values. | A current local ordinance, withholding material, and boundary match are required before a product BUFFER decision."
"ky-klc-payroll-pikeville","KY","Pikeville","incorporated city","{""klc_county"":""Pike"",""klc_fy2023_source_page"":11}","Occupational License Tax / Payroll Tax","employee gross earnings or payroll","persons working within the city under Kentucky occupational-license-tax rules; current local boundary and ordinance must be verified before use","True","2.00%","FY2023 KLC city survey; KLC still reported 170 gross-earnings cities on 2025-07-11","Pikeville local occupational-tax administrator","SUPPORTED_AUTHORITATIVE_ASSOCIATION","PARTIAL","UNDETERMINED until the current local ordinance, rate, and authoritative jurisdiction boundary are verified","FY2023 surveyed rate; KLC adopter count published 2025-07-11; retrieved 2026-08-25","https://www.klc.org/News/12942/the-occupational-business-license-fee | https://kleague.sharepoint.com/sites/governmentalaffairs/Shared%20Documents/Research/Taxes/Occupational%20Taxes/KY%20City_OccupationalLicenseRates_FY2023.pdf?ga=1 | https://www.klc.org/InfoCentral/Detail/31/occupational-license-tax | https://apps.legislature.ky.gov/law/statutes/statute.aspx?id=23793 | https://apps.legislature.ky.gov/law/statutes/statute.aspx?id=23796","KLC is an authoritative municipal association, but its rate table is a city survey rather than the municipality ordinance. | The table warns that rates may change and uses FY2023 or the most readily available values. | A current local ordinance, withholding material, and boundary match are required before a product BUFFER decision."
"ky-klc-payroll-prestonville","KY","Prestonville","incorporated city","{""klc_county"":""Carroll"",""klc_fy2023_source_page"":11}","Occupational License Tax / Payroll Tax","employee gross earnings or payroll","persons working within the city under Kentucky occupational-license-tax rules; current local boundary and ordinance must be verified before use","True","1.60%","FY2023 KLC city survey; KLC still reported 170 gross-earnings cities on 2025-07-11","Prestonville local occupational-tax administrator","SUPPORTED_AUTHORITATIVE_ASSOCIATION","PARTIAL","UNDETERMINED until the current local ordinance, rate, and authoritative jurisdiction boundary are verified","FY2023 surveyed rate; KLC adopter count published 2025-07-11; retrieved 2026-08-25","https://www.klc.org/News/12942/the-occupational-business-license-fee | https://kleague.sharepoint.com/sites/governmentalaffairs/Shared%20Documents/Research/Taxes/Occupational%20Taxes/KY%20City_OccupationalLicenseRates_FY2023.pdf?ga=1 | https://www.klc.org/InfoCentral/Detail/31/occupational-license-tax | https://apps.legislature.ky.gov/law/statutes/statute.aspx?id=23793 | https://apps.legislature.ky.gov/law/statutes/statute.aspx?id=23796","KLC is an authoritative municipal association, but its rate table is a city survey rather than the municipality ordinance. | The table warns that rates may change and uses FY2023 or the most readily available values. | A current local ordinance, withholding material, and boundary match are required before a product BUFFER decision."
"ky-klc-payroll-radcliff","KY","Radcliff","incorporated city","{""klc_county"":""Hardin"",""klc_fy2023_source_page"":11}","Occupational License Tax / Payroll Tax","employee gross earnings or payroll","persons working within the city under Kentucky occupational-license-tax rules; current local boundary and ordinance must be verified before use","True","2.25%","FY2023 KLC city survey; KLC still reported 170 gross-earnings cities on 2025-07-11","Radcliff local occupational-tax administrator","SUPPORTED_AUTHORITATIVE_ASSOCIATION","PARTIAL","UNDETERMINED until the current local ordinance, rate, and authoritative jurisdiction boundary are verified","FY2023 surveyed rate; KLC adopter count published 2025-07-11; retrieved 2026-08-25","https://www.klc.org/News/12942/the-occupational-business-license-fee | https://kleague.sharepoint.com/sites/governmentalaffairs/Shared%20Documents/Research/Taxes/Occupational%20Taxes/KY%20City_OccupationalLicenseRates_FY2023.pdf?ga=1 | https://www.klc.org/InfoCentral/Detail/31/occupational-license-tax | https://apps.legislature.ky.gov/law/statutes/statute.aspx?id=23793 | https://apps.legislature.ky.gov/law/statutes/statute.aspx?id=23796","KLC is an authoritative municipal association, but its rate table is a city survey rather than the municipality ordinance. | The table warns that rates may change and uses FY2023 or the most readily available values. | A current local ordinance, withholding material, and boundary match are required before a product BUFFER decision."
"ky-klc-payroll-russellville","KY","Russellville","incorporated city","{""klc_county"":""Logan"",""klc_fy2023_source_page"":12}","Occupational License Tax / Payroll Tax","employee gross earnings or payroll","persons working within the city under Kentucky occupational-license-tax rules; current local boundary and ordinance must be verified before use","True","2.00%","FY2023 KLC city survey; KLC still reported 170 gross-earnings cities on 2025-07-11","Russellville local occupational-tax administrator","SUPPORTED_AUTHORITATIVE_ASSOCIATION","PARTIAL","UNDETERMINED until the current local ordinance, rate, and authoritative jurisdiction boundary are verified","FY2023 surveyed rate; KLC adopter count published 2025-07-11; retrieved 2026-08-25","https://www.klc.org/News/12942/the-occupational-business-license-fee | https://kleague.sharepoint.com/sites/governmentalaffairs/Shared%20Documents/Research/Taxes/Occupational%20Taxes/KY%20City_OccupationalLicenseRates_FY2023.pdf?ga=1 | https://www.klc.org/InfoCentral/Detail/31/occupational-license-tax | https://apps.legislature.ky.gov/law/statutes/statute.aspx?id=23793 | https://apps.legislature.ky.gov/law/statutes/statute.aspx?id=23796","KLC is an authoritative municipal association, but its rate table is a city survey rather than the municipality ordinance. | The table warns that rates may change and uses FY2023 or the most readily available values. | A current local ordinance, withholding material, and boundary match are required before a product BUFFER decision."
"ky-klc-payroll-salyersville","KY","Salyersville","incorporated city","{""klc_county"":""Magoffin"",""klc_fy2023_source_page"":12}","Occupational License Tax / Payroll Tax","employee gross earnings or payroll","persons working within the city under Kentucky occupational-license-tax rules; current local boundary and ordinance must be verified before use","True","1.00%","FY2023 KLC city survey; KLC still reported 170 gross-earnings cities on 2025-07-11","Salyersville local occupational-tax administrator","SUPPORTED_AUTHORITATIVE_ASSOCIATION","PARTIAL","UNDETERMINED until the current local ordinance, rate, and authoritative jurisdiction boundary are verified","FY2023 surveyed rate; KLC adopter count published 2025-07-11; retrieved 2026-08-25","https://www.klc.org/News/12942/the-occupational-business-license-fee | https://kleague.sharepoint.com/sites/governmentalaffairs/Shared%20Documents/Research/Taxes/Occupational%20Taxes/KY%20City_OccupationalLicenseRates_FY2023.pdf?ga=1 | https://www.klc.org/InfoCentral/Detail/31/occupational-license-tax | https://apps.legislature.ky.gov/law/statutes/statute.aspx?id=23793 | https://apps.legislature.ky.gov/law/statutes/statute.aspx?id=23796","KLC is an authoritative municipal association, but its rate table is a city survey rather than the municipality ordinance. | The table warns that rates may change and uses FY2023 or the most readily available values. | A current local ordinance, withholding material, and boundary match are required before a product BUFFER decision."
"ky-klc-payroll-silver-grove","KY","Silver Grove","incorporated city","{""klc_county"":""Campbell"",""klc_fy2023_source_page"":13}","Occupational License Tax / Payroll Tax","employee gross earnings or payroll","persons working within the city under Kentucky occupational-license-tax rules; current local boundary and ordinance must be verified before use","True","1.50%","FY2023 KLC city survey; KLC still reported 170 gross-earnings cities on 2025-07-11","Silver Grove local occupational-tax administrator","SUPPORTED_AUTHORITATIVE_ASSOCIATION","PARTIAL","UNDETERMINED until the current local ordinance, rate, and authoritative jurisdiction boundary are verified","FY2023 surveyed rate; KLC adopter count published 2025-07-11; retrieved 2026-08-25","https://www.klc.org/News/12942/the-occupational-business-license-fee | https://kleague.sharepoint.com/sites/governmentalaffairs/Shared%20Documents/Research/Taxes/Occupational%20Taxes/KY%20City_OccupationalLicenseRates_FY2023.pdf?ga=1 | https://www.klc.org/InfoCentral/Detail/31/occupational-license-tax | https://apps.legislature.ky.gov/law/statutes/statute.aspx?id=23793 | https://apps.legislature.ky.gov/law/statutes/statute.aspx?id=23796","KLC is an authoritative municipal association, but its rate table is a city survey rather than the municipality ordinance. | The table warns that rates may change and uses FY2023 or the most readily available values. | A current local ordinance, withholding material, and boundary match are required before a product BUFFER decision."
"ky-klc-payroll-stanford","KY","Stanford","incorporated city","{""klc_county"":""Lincoln"",""klc_fy2023_source_page"":13}","Occupational License Tax / Payroll Tax","employee gross earnings or payroll","persons working within the city under Kentucky occupational-license-tax rules; current local boundary and ordinance must be verified before use","True","1.15%","FY2023 KLC city survey; KLC still reported 170 gross-earnings cities on 2025-07-11","Stanford local occupational-tax administrator","SUPPORTED_AUTHORITATIVE_ASSOCIATION","PARTIAL","UNDETERMINED until the current local ordinance, rate, and authoritative jurisdiction boundary are verified","FY2023 surveyed rate; KLC adopter count published 2025-07-11; retrieved 2026-08-25","https://www.klc.org/News/12942/the-occupational-business-license-fee | https://kleague.sharepoint.com/sites/governmentalaffairs/Shared%20Documents/Research/Taxes/Occupational%20Taxes/KY%20City_OccupationalLicenseRates_FY2023.pdf?ga=1 | https://www.klc.org/InfoCentral/Detail/31/occupational-license-tax | https://apps.legislature.ky.gov/law/statutes/statute.aspx?id=23793 | https://apps.legislature.ky.gov/law/statutes/statute.aspx?id=23796","KLC is an authoritative municipal association, but its rate table is a city survey rather than the municipality ordinance. | The table warns that rates may change and uses FY2023 or the most readily available values. | A current local ordinance, withholding material, and boundary match are required before a product BUFFER decision."
"ky-klc-payroll-tompkinsville","KY","Tompkinsville","incorporated city","{""klc_county"":""Monroe"",""klc_fy2023_source_page"":13}","Occupational License Tax / Payroll Tax","employee gross earnings or payroll","persons working within the city under Kentucky occupational-license-tax rules; current local boundary and ordinance must be verified before use","True","1.75%","FY2023 KLC city survey; KLC still reported 170 gross-earnings cities on 2025-07-11","Tompkinsville local occupational-tax administrator","SUPPORTED_AUTHORITATIVE_ASSOCIATION","PARTIAL","UNDETERMINED until the current local ordinance, rate, and authoritative jurisdiction boundary are verified","FY2023 surveyed rate; KLC adopter count published 2025-07-11; retrieved 2026-08-25","https://www.klc.org/News/12942/the-occupational-business-license-fee | https://kleague.sharepoint.com/sites/governmentalaffairs/Shared%20Documents/Research/Taxes/Occupational%20Taxes/KY%20City_OccupationalLicenseRates_FY2023.pdf?ga=1 | https://www.klc.org/InfoCentral/Detail/31/occupational-license-tax | https://apps.legislature.ky.gov/law/statutes/statute.aspx?id=23793 | https://apps.legislature.ky.gov/law/statutes/statute.aspx?id=23796","KLC is an authoritative municipal association, but its rate table is a city survey rather than the municipality ordinance. | The table warns that rates may change and uses FY2023 or the most readily available values. | A current local ordinance, withholding material, and boundary match are required before a product BUFFER decision."
"ky-klc-payroll-union","KY","Union","incorporated city","{""klc_county"":""Boone"",""klc_fy2023_source_page"":14}","Occupational License Tax / Payroll Tax","employee gross earnings or payroll","persons working within the city under Kentucky occupational-license-tax rules; current local boundary and ordinance must be verified before use","True","2.00%","FY2023 KLC city survey; KLC still reported 170 gross-earnings cities on 2025-07-11","Union local occupational-tax administrator","SUPPORTED_AUTHORITATIVE_ASSOCIATION","PARTIAL","UNDETERMINED until the current local ordinance, rate, and authoritative jurisdiction boundary are verified","FY2023 surveyed rate; KLC adopter count published 2025-07-11; retrieved 2026-08-25","https://www.klc.org/News/12942/the-occupational-business-license-fee | https://kleague.sharepoint.com/sites/governmentalaffairs/Shared%20Documents/Research/Taxes/Occupational%20Taxes/KY%20City_OccupationalLicenseRates_FY2023.pdf?ga=1 | https://www.klc.org/InfoCentral/Detail/31/occupational-license-tax | https://apps.legislature.ky.gov/law/statutes/statute.aspx?id=23793 | https://apps.legislature.ky.gov/law/statutes/statute.aspx?id=23796","KLC is an authoritative municipal association, but its rate table is a city survey rather than the municipality ordinance. | The table warns that rates may change and uses FY2023 or the most readily available values. | A current local ordinance, withholding material, and boundary match are required before a product BUFFER decision."
"ky-klc-payroll-williamsburg","KY","Williamsburg","incorporated city","{""klc_county"":""Whitley"",""klc_fy2023_source_page"":14}","Occupational License Tax / Payroll Tax","employee gross earnings or payroll","persons working within the city under Kentucky occupational-license-tax rules; current local boundary and ordinance must be verified before use","True","1.00%","FY2023 KLC city survey; KLC still reported 170 gross-earnings cities on 2025-07-11","Williamsburg local occupational-tax administrator","SUPPORTED_AUTHORITATIVE_ASSOCIATION","PARTIAL","UNDETERMINED until the current local ordinance, rate, and authoritative jurisdiction boundary are verified","FY2023 surveyed rate; KLC adopter count published 2025-07-11; retrieved 2026-08-25","https://www.klc.org/News/12942/the-occupational-business-license-fee | https://kleague.sharepoint.com/sites/governmentalaffairs/Shared%20Documents/Research/Taxes/Occupational%20Taxes/KY%20City_OccupationalLicenseRates_FY2023.pdf?ga=1 | https://www.klc.org/InfoCentral/Detail/31/occupational-license-tax | https://apps.legislature.ky.gov/law/statutes/statute.aspx?id=23793 | https://apps.legislature.ky.gov/law/statutes/statute.aspx?id=23796","KLC is an authoritative municipal association, but its rate table is a city survey rather than the municipality ordinance. | The table warns that rates may change and uses FY2023 or the most readily available values. | A current local ordinance, withholding material, and boundary match are required before a product BUFFER decision."
"ky-klc-payroll-wilmore","KY","Wilmore","incorporated city","{""klc_county"":""Jessamine"",""klc_fy2023_source_page"":14}","Occupational License Tax / Payroll Tax","employee gross earnings or payroll","persons working within the city under Kentucky occupational-license-tax rules; current local boundary and ordinance must be verified before use","True","2.00%","FY2023 KLC city survey; KLC still reported 170 gross-earnings cities on 2025-07-11","Wilmore local occupational-tax administrator","SUPPORTED_AUTHORITATIVE_ASSOCIATION","PARTIAL","UNDETERMINED until the current local ordinance, rate, and authoritative jurisdiction boundary are verified","FY2023 surveyed rate; KLC adopter count published 2025-07-11; retrieved 2026-08-25","https://www.klc.org/News/12942/the-occupational-business-license-fee | https://kleague.sharepoint.com/sites/governmentalaffairs/Shared%20Documents/Research/Taxes/Occupational%20Taxes/KY%20City_OccupationalLicenseRates_FY2023.pdf?ga=1 | https://www.klc.org/InfoCentral/Detail/31/occupational-license-tax | https://apps.legislature.ky.gov/law/statutes/statute.aspx?id=23793 | https://apps.legislature.ky.gov/law/statutes/statute.aspx?id=23796","KLC is an authoritative municipal association, but its rate table is a city survey rather than the municipality ordinance. | The table warns that rates may change and uses FY2023 or the most readily available values. | A current local ordinance, withholding material, and boundary match are required before a product BUFFER decision."
"ky-klc-payroll-wurtland","KY","Wurtland","incorporated city","{""klc_county"":""Greenup"",""klc_fy2023_source_page"":15}","Occupational License Tax / Payroll Tax","employee gross earnings or payroll","persons working within the city under Kentucky occupational-license-tax rules; current local boundary and ordinance must be verified before use","True","1.00%","FY2023 KLC city survey; KLC still reported 170 gross-earnings cities on 2025-07-11","Wurtland local occupational-tax administrator","SUPPORTED_AUTHORITATIVE_ASSOCIATION","PARTIAL","UNDETERMINED until the current local ordinance, rate, and authoritative jurisdiction boundary are verified","FY2023 surveyed rate; KLC adopter count published 2025-07-11; retrieved 2026-08-25","https://www.klc.org/News/12942/the-occupational-business-license-fee | https://kleague.sharepoint.com/sites/governmentalaffairs/Shared%20Documents/Research/Taxes/Occupational%20Taxes/KY%20City_OccupationalLicenseRates_FY2023.pdf?ga=1 | https://www.klc.org/InfoCentral/Detail/31/occupational-license-tax | https://apps.legislature.ky.gov/law/statutes/statute.aspx?id=23793 | https://apps.legislature.ky.gov/law/statutes/statute.aspx?id=23796","KLC is an authoritative municipal association, but its rate table is a city survey rather than the municipality ordinance. | The table warns that rates may change and uses FY2023 or the most readily available values. | A current local ordinance, withholding material, and boundary match are required before a product BUFFER decision."
