"title","file","url","status","bytes","sha256","elapsed_ms"
"01","Title-01.pdf","https://wyoleg.gov/statutes/compress/title01.pdf","200","718511","44B895E013260515ACAEDB4BA103FB746BF53E73C973D533EA66A98067433A9F","1205"
"02","Title-02.pdf","https://wyoleg.gov/statutes/compress/title02.pdf","200","426817","6DC86521A77788589B9C2BDC0F951FF5585D144113E578AD04F4D633033DCEE0","891"
"03","Title-03.pdf","https://wyoleg.gov/statutes/compress/title03.pdf","200","256888","AB699B070780B1788C0D39A0EA0AB8D3CE78660E3F5391AE580CC4E711565E57","642"
"04","Title-04.pdf","https://wyoleg.gov/statutes/compress/title04.pdf","200","227638","79A8211754506B913435690DF99899884F3D44DF3A2823004BBFE3F51F677F89","388"
"05","Title-05.pdf","https://wyoleg.gov/statutes/compress/title05.pdf","200","255311","0233B45E6EF7B1FE11A6287647D758F3037A8C137CB1D779A20132A52306A87C","1579"
"06","Title-06.pdf","https://wyoleg.gov/statutes/compress/title06.pdf","200","441876","302324BEB959AC13D3492D2E28D743B8A77B4C166347DD7F8927419D469B658A","857"
"07","Title-07.pdf","https://wyoleg.gov/statutes/compress/title07.pdf","200","694689","64F12AB93A918810F149F81ED20793157F1C62E6B1501E02F0939CFDFBE09CE5","621"
"08","Title-08.pdf","https://wyoleg.gov/statutes/compress/title08.pdf","200","125713","68CF48D5FF452280ABD29906E0218A95EAB5C48774AFFCA1B89606DB2E6ACDAD","525"
"09","Title-09.pdf","https://wyoleg.gov/statutes/compress/title09.pdf","200","1669319","3C38D489574F877F2841270781CDEF29309F801EB6EE234C6085A64FCBBA321A","948"
"10","Title-10.pdf","https://wyoleg.gov/statutes/compress/title10.pdf","200","118351","9ADDC3034B9024A52FFF929283BE51BEDEEB77939ED72261722D2080FB1054AB","384"
"11","Title-11.pdf","https://wyoleg.gov/statutes/compress/title11.pdf","200","756013","68F78B4EE97C0320E63F69B4E3E5D45518FD409BE70BFFDA4B6F8E1DCD2FBCF4","827"
"12","Title-12.pdf","https://wyoleg.gov/statutes/compress/title12.pdf","200","227045","0E0B5DD9D671DF95C9F6D777CC69E3842B930C61A82205261EEBDE9C063A3AA7","513"
"13","Title-13.pdf","https://wyoleg.gov/statutes/compress/title13.pdf","200","451675","0090499D238461522ECAC90ACC2D8AF9907EBC933F7FC45BF8DF428922EF2149","684"
"14","Title-14.pdf","https://wyoleg.gov/statutes/compress/title14.pdf","200","639111","E9447D5B6C94C21B040251CF0B024BEC652B6860BD5491AB0D643481D1F45D89","1172"
"15","Title-15.pdf","https://wyoleg.gov/statutes/compress/title15.pdf","200","582521","77874B3955CAC987BE7C2AE7D5CAAF1CFDDF4E367548CE6095874B09CA75D483","945"
"16","Title-16.pdf","https://wyoleg.gov/statutes/compress/title16.pdf","200","682992","A8E337B72C2E9D5D2A12388753E52F63A3852AF2A5AB4B572921C526333EAA01","468"
"17","Title-17.pdf","https://wyoleg.gov/statutes/compress/title17.pdf","200","2488815","F0FD7EB843B83BB60095BAD496330F8DFD46FF7051DFF8D1BEC822650A3671F6","1013"
"18","Title-18.pdf","https://wyoleg.gov/statutes/compress/title18.pdf","200","781089","BEF4A965DA2404493D9E8651ACA6BB4590741E736E8FFD546992D11EE65C519C","669"
"19","Title-19.pdf","https://wyoleg.gov/statutes/compress/title19.pdf","200","496801","DD75CDC29A6922568C39FFEA6CD813350BD47D342C6314BEAC1E094634B4E324","977"
"20","Title-20.pdf","https://wyoleg.gov/statutes/compress/title20.pdf","200","569805","3038820C1835B138B8120DB4A570471BD6272BF38E30DD4FD48D24014D8BD5A6","642"
"21","Title-21.pdf","https://wyoleg.gov/statutes/compress/title21.pdf","200","1851662","5F9B70489B5C39F9AF21E632D80E24D537CDBDFFDB562A7B299DB9DEBB7E0CED","688"
"22","Title-22.pdf","https://wyoleg.gov/statutes/compress/title22.pdf","200","806795","A7D73BC40F51C3F285D0DE2477A441730C08662FC842C3FDE720D4BAA7EB48A9","458"
"23","Title-23.pdf","https://wyoleg.gov/statutes/compress/title23.pdf","200","489346","0F2FE1B0A3A60063154D7B0D82DD25F7B59537450B7E48DE4C354F255FF28942","393"
"24","Title-24.pdf","https://wyoleg.gov/statutes/compress/title24.pdf","200","304113","D53CB9B7FD5B1EF04C03A9CC8D3C0461F3A07D403DF24F0E4D2D5C6F8EE2B2FC","333"
"25","Title-25.pdf","https://wyoleg.gov/statutes/compress/title25.pdf","200","324810","96E035D416404DCC3F7F50702832034B0522D7C0E6DB7678B1DF691B78854DBE","342"
"26","Title-26.pdf","https://wyoleg.gov/statutes/compress/title26.pdf","200","2999237","C3D0EE12034B57028414D563B46DDE51E41AD0CCF48889F1EFC0472648DC2EDA","549"
"27","Title-27.pdf","https://wyoleg.gov/statutes/compress/title27.pdf","200","879358","C131A406D44BF2E556500C4CA8DE7CCC3C6334CDC4D02C5E31CEABC25293B47A","436"
"28","Title-28.pdf","https://wyoleg.gov/statutes/compress/title28.pdf","200","250210","93C0510F4EA8B181C345170F6848CFD2C4212365E79A2752B5FB34692692B2A5","339"
"29","Title-29.pdf","https://wyoleg.gov/statutes/compress/title29.pdf","200","262949","E0FFC1C364563141F04C7CF685F8984ABE2CD6E5B885F8BF67D03D7F8DBED383","339"
"30","Title-30.pdf","https://wyoleg.gov/statutes/compress/title30.pdf","200","503379","3A105E55D45A5AB5942DE0EF7DBBFCBEC747BF41E2DC71CE29AB425014D98616","388"
"31","Title-31.pdf","https://wyoleg.gov/statutes/compress/title31.pdf","200","1763607","3B4CA3594A5B411BB8D9EBB3202E6ED7211541110E416FF5ACA3CAB79CB30097","495"
"32","Title-32.pdf","https://wyoleg.gov/statutes/compress/title32.pdf","200","174173","7B7844F9A16EAC9163F7F8D9B89C53B3D8B2A61BA219BE94CBFD744654460AD4","292"
"33","Title-33.pdf","https://wyoleg.gov/statutes/compress/title33.pdf","200","2524344","7AFD55B8BB0B2C0013BEBBB03D6974C203ED1C70F2657DBE40A97CB607FA56CA","502"
"34","Title-34.pdf","https://wyoleg.gov/statutes/compress/title34.pdf","200","778161","DFFAB8C62B28F3387DCFDEA2E38322CB0FA78D9C7C4EC1499BBF2DCF39A5300B","428"
"35","Title-35.pdf","https://wyoleg.gov/statutes/compress/title35.pdf","200","2927763","1195DEA407A948CEB914DE6DAEE6E7D9200427A5949D7AEB2D59F17F4D863E5E","564"
"36","Title-36.pdf","https://wyoleg.gov/statutes/compress/title36.pdf","200","517515","2395855D4DBFE2B97FF43A0DC597CBC58D5E98DB1C9022377FDDADF24AA679B1","401"
"37","Title-37.pdf","https://wyoleg.gov/statutes/compress/title37.pdf","200","481547","3FECA4906495491EA1A4179C10E21E5E371D03B63673613BD41DF608A82A0CB3","397"
"38","Title-38.pdf","https://wyoleg.gov/statutes/compress/title38.pdf","200","95128","B363FFDE167146A299D12118C1D6B6F79688500BD14F9715CF826E11A20E160F","250"
"39","Title-39.pdf","https://wyoleg.gov/statutes/compress/title39.pdf","200","1594368","AD38D0BD38B5574E3FF2BED3408C1D5FCF5D4D878B209826930AD36ECD9F26AE","450"
"40","Title-40.pdf","https://wyoleg.gov/statutes/compress/title40.pdf","200","1314134","2A7E997E4A18ABB2EB8CC0F0A50F2EC030C338D9EDBBA3E82958399F05C1E301","437"
"41","Title-41.pdf","https://wyoleg.gov/statutes/compress/title41.pdf","200","1462109","7D23E54D8A94227974F95660D8BA954130941B6355DF27C211ABE2ED5FEA8215","445"
"42","Title-42.pdf","https://wyoleg.gov/statutes/compress/title42.pdf","200","540292","16714FED41850FF82FCF9E9E789791894310FE3ADE88371B7C7802946982E0B9","392"
"97","Title-97.pdf","https://wyoleg.gov/statutes/compress/title97.pdf","200","313619","63DE540304EB0E4C216BF74958835184E8B1E36C6BB9DA70C77EDD6C3DD1EDA2","355"
