"file","source_url","bytes","sha256","retention_note"
"California-City-Revenues-2002-03-to-2023-24.csv","https://bythenumbers.sco.ca.gov/api/views/rrtv-rsj9/rows.csv?accessType=DOWNLOAD","817277453","B29682CB6F90C662090B9793877DC27FCFDF52F99DA2E12ED31CF18B43E22D3C","Audited locally, then deleted because it exceeds the 90 MiB repository limit."
"California-Controller-employer-payroll-tax-rows.csv","https://bythenumbers.sco.ca.gov/resource/rrtv-rsj9.csv?$limit=50000&$where=form_table%3D%27GENREV_EMP_PAYROLL_TAX%27&$order=fiscal_year%2Centity_name","1781766","BAB69C3E93187E0E1D9708F5C5EB84DDEA163FDE11CC1A7FD8A9D42084200A29","Retained complete field extract."
"California-GOV-37100.5-current.html","https://leginfo.legislature.ca.gov/faces/codes_displaySection.xhtml?lawCode=GOV&sectionNum=37100.5","163285","6A252450D2301036274AF061726DBCADE3519EC3EEDF9DBB070AD57F5ACBD0F8","Retained sanitized official page."
"California-GOV-37101-current.html","https://leginfo.legislature.ca.gov/faces/codes_displaySection.xhtml?lawCode=GOV&sectionNum=37101","165260","DFECA012C4C5B387C7F51BDD6356B5E54D760E8AC11DA97F8DD24D2B729ADBB6","Retained sanitized official page."
"California-GOV-50026-current.html","https://leginfo.legislature.ca.gov/faces/codes_displaySection.xhtml?lawCode=GOV&sectionNum=50026","164615","3C1BB121FF908440FADB69CDA569C766D7484CBDEE6165DBE51951AAC4D9EC8A","Retained sanitized official page."
"California-RTC-17041.5-current.html","https://leginfo.legislature.ca.gov/faces/codes_displaySection.xhtml?lawCode=RTC&sectionNum=17041.5","163054","27C4D632D66E8B498F431F91A8DC6143DA15F23B40FF5E138AF69EF4591A1A40","Retained sanitized official page."
"Oakland-prior-code-table-current.html","https://library.municode.com/ca/Oakland/codes/code_of_ordinances?nodeId=PRCOTAOACA","6212","B2F679FFBB47D2DAC981C93095391F661A3530BBB8E8E188A253D13F6AE0BF2A","Retained sanitized page shell; searchable live page supplies disposition text."
"San-Francisco-Administrative-Office-Tax-current.html","https://sftreasurer.org/business/taxes-fees/administrative-office-tax-aot-0","65093","A22D18CD1E9B82042D2C0F4EF849396F1ACEDC6CFAFBDC2836AA6DA3DDB88233","Retained sanitized official page."
"San-Francisco-Gross-Receipts-Tax-current.html","https://sftreasurer.org/business/taxes-fees/gross-receipts-tax-gr-0","110184","3993A17B941AA897B23BCD98B14BAC754F4DCAB09FB14298A218B535B60EA902","Retained sanitized official page."
