"title_file","source_url","bytes","sha256"
"title-0N.html","https://sdlegislature.gov/api/Statutes/0N.html?all=true","887091","038164602a01be5db52f3a6edfc84775093126dc9f2bff0ab1d9069c0b728eb3"
"title-1.html","https://sdlegislature.gov/api/Statutes/1.html?all=true","7809800","5c8fe79761f03c44f3e25409f8bb6c3af730eaeff94b72fa9d2330e33206d1b9"
"title-10.html","https://sdlegislature.gov/api/Statutes/10.html?all=true","9705681","823d09ff8f7bb0387e0468c96387c1eaa8fe95ea6540593fcbaa8aac4318361e"
"title-11.html","https://sdlegislature.gov/api/Statutes/11.html?all=true","2757211","b5e8f5e66d64ece68311c5051ba7042c8efb7f763a20d7670defc82b5732331d"
"title-12.html","https://sdlegislature.gov/api/Statutes/12.html?all=true","3335802","4878e48ca224aeb2091b81009d528f6bbd69dc5d035def574fb253ab731cb413"
"title-13.html","https://sdlegislature.gov/api/Statutes/13.html?all=true","7230752","dd5c12909458c0b1081c983cf0a326909441e724c24b67861986fd9cff58b576"
"title-14.html","https://sdlegislature.gov/api/Statutes/14.html?all=true","330304","9bb44d9a8119746da8413492bc8fe6f8caba3bd1b549e71cd4cb753511feea9c"
"title-15.html","https://sdlegislature.gov/api/Statutes/15.html?all=true","4406346","8376acbe2512dd07f3f078d27621e2e508ac8f746700df4f95d94d5e947de3fa"
"title-16.html","https://sdlegislature.gov/api/Statutes/16.html?all=true","3181471","279d7b5d73b227705fd2ab5afb7e3273f4988326427322f8b86d7b1c7747f335"
"title-17.html","https://sdlegislature.gov/api/Statutes/17.html?all=true","187339","0bdda0ef1c61c3c316562b9b653960aa06ba75345a381198dfad40bd6bd0c29c"
"title-18.html","https://sdlegislature.gov/api/Statutes/18.html?all=true","442508","344f6bb7bb34749ab2c491d03def7149f10f79445b69ccc8e5706994a65eb5df"
"title-19.html","https://sdlegislature.gov/api/Statutes/19.html?all=true","965345","98dc0bbc5e17f46639caf0f11e6cdede5abcd156c7f42b2a69654821320a6f65"
"title-2.html","https://sdlegislature.gov/api/Statutes/2.html?all=true","1463613","ef12960ac92d1217451db2b86b54b385f4d15c831aa191df63b08c395f06c702"
"title-20.html","https://sdlegislature.gov/api/Statutes/20.html?all=true","1053957","7e2e000e890ed638b0c0440368d4a6e121a3dfabcd772a0a3eca51e836405046"
"title-21.html","https://sdlegislature.gov/api/Statutes/21.html?all=true","4313215","2c43d0b83183f2c12f4c3350bec63c200ff991f328821d87e81333b24fcaab4f"
"title-22.html","https://sdlegislature.gov/api/Statutes/22.html?all=true","3730509","faf74e7e26a7afa7912db2268a35ade430bf4fdff20b31f94caff4db64719d1c"
"title-23.html","https://sdlegislature.gov/api/Statutes/23.html?all=true","1749688","6436865adf46bf98dacfb4cf2a6afa333b0dc9d80599e4741312fb3ec5926dda"
"title-24.html","https://sdlegislature.gov/api/Statutes/24.html?all=true","1570335","0edf4a7099ae746bffad296ea084ed99d163ba43c0507e92554d04ced050c532"
"title-25.html","https://sdlegislature.gov/api/Statutes/25.html?all=true","3829409","69ee9e4ecefaba4186eea3e4a8b9ceba80e729252eb04068925f955afe042fcc"
"title-26.html","https://sdlegislature.gov/api/Statutes/26.html?all=true","2773080","e639f2ddcf436806ec477af88db079f074db8f3c7898a3d6bd138438596fd1fc"
"title-27.html","https://sdlegislature.gov/api/Statutes/27.html?all=true","1122","d2cbfdaa8f11ef5099da48b496b0b3ba1901df1ec370d50bfbf711cfb780aa3c"
"title-28.html","https://sdlegislature.gov/api/Statutes/28.html?all=true","1424452","6311e45884f88a32efb780aaf86fe245d49c10f2aa0b49e8fc487150f354cf06"
"title-29.html","https://sdlegislature.gov/api/Statutes/29.html?all=true","33533","de5a52f311078d7255da38f52f2bda4ba950501a56de712457a645a09dcc0ead"
"title-3.html","https://sdlegislature.gov/api/Statutes/3.html?all=true","4439675","5f3c1447755123a582de6e23ccfd279e4f6e8d14148f2b616a00cc14d997bbe0"
"title-30.html","https://sdlegislature.gov/api/Statutes/30.html?all=true","158363","15a0949a6654659e5b19989585237e3fc7614fc3e778d9fcac12744520807b93"
"title-31.html","https://sdlegislature.gov/api/Statutes/31.html?all=true","3288755","ca3c437d117e09be73f476f03eddc5c97ce20bce81c10c793514ee8fd2b9416a"
"title-32.html","https://sdlegislature.gov/api/Statutes/32.html?all=true","8667871","ac843d236af37889c5ac83a6429ee573bd29c33d6b6d0e0530c6128729e0ef14"
"title-33.html","https://sdlegislature.gov/api/Statutes/33.html?all=true","1990467","fc41f8842b5a980f96913521ffec6752e3c9ca202342e77e197bbb4e3cfa4358"
"title-34.html","https://sdlegislature.gov/api/Statutes/34.html?all=true","8846608","86db6bc8646c89010803fce015e659bdde01cb0ea325dcb4e4873fb5356cf09e"
"title-35.html","https://sdlegislature.gov/api/Statutes/35.html?all=true","1497792","b0fcb66a885779e50efbf1a7641bbc3249fb195829c27c832689ef276395a249"
"title-36.html","https://sdlegislature.gov/api/Statutes/36.html?all=true","10642985","4069c751f43469a280cc7faea6a510f777cd4bf0e50452e47272b2c0ac15b124"
"title-37.html","https://sdlegislature.gov/api/Statutes/37.html?all=true","2646212","337befb77e9fc9bf37a7b90b17969fb75e48da542d53937616d3c944a373c23a"
"title-38.html","https://sdlegislature.gov/api/Statutes/38.html?all=true","3336070","03344446ac803139b3031e6373bc80f17ccf279c003f1e10c9aa9fbbca126704"
"title-39.html","https://sdlegislature.gov/api/Statutes/39.html?all=true","1239269","235285226b703606403fcb2fc4f18a6b441a7d73230cb806272f261a7a541910"
"title-4.html","https://sdlegislature.gov/api/Statutes/4.html?all=true","1354249","7160f65ea6c5e819fac9cbad8b02887364fbdad96d1cc5a6c45d721754d2e7f5"
"title-40.html","https://sdlegislature.gov/api/Statutes/40.html?all=true","2382729","8f061b6f04a265cabc229c226ff0348d76c3eeb92d55fe8057ff4ef80e7232b6"
"title-41.html","https://sdlegislature.gov/api/Statutes/41.html?all=true","2377099","87874f04646867b4e03266595e6d6a68e05b485a6b741437e19145748c8052bc"
"title-42.html","https://sdlegislature.gov/api/Statutes/42.html?all=true","1535404","4453e098bc34c2cb4b94c8fe322e343236d21115c365280adb0cd8dd378f9d35"
"title-43.html","https://sdlegislature.gov/api/Statutes/43.html?all=true","3971380","c567c0fb65b32adc5e2d651405a09b36a62535ad2bcbaee442dea6dfd1ae505c"
"title-44.html","https://sdlegislature.gov/api/Statutes/44.html?all=true","871069","5ab68e8fbb5e3b2cb288b8c6e490d8194d1283a061e1791c89b74e942b24709e"
"title-45.html","https://sdlegislature.gov/api/Statutes/45.html?all=true","1756197","82e9740a81835f79558f854f641b526b2d78bb398d131e3acf6c281d6b140055"
"title-46.html","https://sdlegislature.gov/api/Statutes/46.html?all=true","1071760","e30468f5d53dd588e99255aac253f8b76142b6cd95a205f5fc79e0f54673e1a0"
"title-47.html","https://sdlegislature.gov/api/Statutes/47.html?all=true","7037922","20d340689591524efc65c807610812800682acc37837982920884ece80918851"
"title-48.html","https://sdlegislature.gov/api/Statutes/48.html?all=true","733104","476547755031261f11528339145ff79870428822ee75e3d72b3409c2f372cd30"
"title-49.html","https://sdlegislature.gov/api/Statutes/49.html?all=true","4966080","0c664b92175d0f7b1990802ae5272838a077d052c0c1e6305a85ecca374423fe"
"title-5.html","https://sdlegislature.gov/api/Statutes/5.html?all=true","2866431","8f5dae14659ba5b5c2f5a96851b7d2d7479138fe11550c7e5d48f1b0cb071c6e"
"title-50.html","https://sdlegislature.gov/api/Statutes/50.html?all=true","929076","2d30a407f8957d2d395a6e611c81f7d32298d26fafe4a9bfff8042616daf5d6f"
"title-51.html","https://sdlegislature.gov/api/Statutes/51.html?all=true","1305","f42bfed8532f51f1da66be946bc05fbd7207db5940e47312feb8f61daad6c3e7"
"title-52.html","https://sdlegislature.gov/api/Statutes/52.html?all=true","104776","fff1b25bd432beb854591b51aed926eb59a6bdce9ea146e19e32ec3d1d4219f0"
"title-53.html","https://sdlegislature.gov/api/Statutes/53.html?all=true","569913","adf2545c33fec6e89c4de174aeb8b72066a808ca517b2d760d2815f8c6f4dedd"
"title-54.html","https://sdlegislature.gov/api/Statutes/54.html?all=true","1276084","21f0cfcd2a2790431ca646836edf0ec2b319d2dfe124b13a94e7f3cd1d6f4135"
"title-55.html","https://sdlegislature.gov/api/Statutes/55.html?all=true","2580479","04fd9d1cc2a0f5b72ec13deff6f730a2931d7819613303b2f249ef7e1681a08b"
"title-56.html","https://sdlegislature.gov/api/Statutes/56.html?all=true","210714","0d809f14fe93b4e2cba4846c8eb3bec0a831ff1ccbdc34c9b171df2fb8c687a6"
"title-57.html","https://sdlegislature.gov/api/Statutes/57.html?all=true","1423","557ae5eb1f2cc32b3ce50fe0e7c8d2e88c8a85f3501db49968c5840985933e65"
"title-58.html","https://sdlegislature.gov/api/Statutes/58.html?all=true","15925672","a456d57a980217145fd7d6b14093dca1451c170da8bf34c062df36c252031b4c"
"title-59.html","https://sdlegislature.gov/api/Statutes/59.html?all=true","796360","17f8223401e826bbd00acb199e48d9031bc84a5053be03f60baf2d6c08d55cbf"
"title-6.html","https://sdlegislature.gov/api/Statutes/6.html?all=true","874130","4008f9c4625681899c488db08068a364b805e19fa84dd9959d5cabf1baecc69a"
"title-60.html","https://sdlegislature.gov/api/Statutes/60.html?all=true","698115","595ea94690a002986cfca20e20c4733278f6d4405140c3fef3d4a3fec301511c"
"title-61.html","https://sdlegislature.gov/api/Statutes/61.html?all=true","1699957","100bd7eb3e3210ceb3b2ace7b75d456a5d37d5a8e04e97a7010d12ee2186227a"
"title-62.html","https://sdlegislature.gov/api/Statutes/62.html?all=true","987783","d86fb154bd9b290828f25f39ed2f49c4a072e623697d3ece02440f1ac9faa83b"
"title-7.html","https://sdlegislature.gov/api/Statutes/7.html?all=true","3165617","00df2f31b6312b83179a01f5feb996541a5c5f35995aea30f7d63adcae9bf277"
"title-8.html","https://sdlegislature.gov/api/Statutes/8.html?all=true","625908","4b4f9b159e7e5d757e0fe87d24cfef020104e9c47670dca2f2c683c78811f992"
"title-9.html","https://sdlegislature.gov/api/Statutes/9.html?all=true","5067717","5776186185a6ca3e55bad948b57d5b9efd48f6205bfdb6619bb20603abdde43a"
